{"name":"a6563c1f-523b-47fc-8957-780fd956aa7b","id":"/providers/Microsoft.Flow/flows/a6563c1f-523b-47fc-8957-780fd956aa7b","type":"Microsoft.Flow/flows","properties":{"apiId":"/providers/Microsoft.PowerApps/apis/shared_logicflows","displayName":"Azure AD Group","definition":{"metadata":{"workflowEntityId":null,"processAdvisorMetadata":null,"flowChargedByPaygo":null,"flowclientsuspensionreason":"None","flowclientsuspensiontime":null,"flowclientsuspensionreasondetails":null,"creator":{"id":"2bd4b883-ecec-4909-b1bb-9170ecea1829","type":"User","tenantId":"05d75c05-fa1a-42e7-9cf1-eb416c396f2d"},"provisioningMethod":"FromDefinition","failureAlertSubscription":true,"clientLastModifiedTime":"2024-09-12T12:46:06.189717Z","connectionKeySavedTimeKey":"2024-09-12T12:46:06.189717Z"},"$schema":"https://schema.management.azure.com/providers/Microsoft.Logic/schemas/2016-06-01/workflowdefinition.json#","contentVersion":"1.0.0.0","parameters":{"$connections":{"defaultValue":{},"type":"Object"},"$authentication":{"defaultValue":{},"type":"SecureObject"}},"triggers":{"Recurrence":{"recurrence":{"frequency":"Hour","interval":24,"timeZone":"India Standard Time","startTime":"2023-10-16T11:30:00Z"},"metadata":{"operationMetadataId":"f7998748-1b0d-4dd9-b246-aeee4521befa"},"type":"Recurrence"}},"actions":{"List_rows_present_in_a_table":{"runAfter":{},"metadata":{"01EF7ERYE7F3JIAZBREZA3ZDJ6Y6ICJQ6M":"/Penny Access Chatbot.xlsx","operationMetadataId":"c9256d22-1c66-4be2-a941-64fb843152a3","tableId":"{CBA950E9-CF38-4D85-AD37-4F714BC2DE08}"},"type":"OpenApiConnection","inputs":{"host":{"apiId":"/providers/Microsoft.PowerApps/apis/shared_excelonlinebusiness","connectionName":"shared_excelonlinebusiness","operationId":"GetItems"},"parameters":{"source":"groups/3abf9f2f-7b6b-46fe-978c-81006801aedf","drive":"b!qyBse53NTkSCowKpqMQORIQSHS_O5z5HtLCzf9j0fGFy5GYOuJsrT5MoQ5UZQQVi","file":"01EF7ERYE7F3JIAZBREZA3ZDJ6Y6ICJQ6M","table":"{CBA950E9-CF38-4D85-AD37-4F714BC2DE08}"},"authentication":"@parameters('$authentication')"},"runtimeConfiguration":{"paginationPolicy":{"minimumItemCount":10000}}},"Apply_to_each":{"foreach":"@outputs('List_rows_present_in_a_table')?['body/value']","actions":{"Condition_2":{"actions":{"Get_user_profile_(V2)":{"runAfter":{},"metadata":{"operationMetadataId":"526fc180-74ce-4503-9abe-298313bf72e9"},"type":"OpenApiConnection","inputs":{"host":{"apiId":"/providers/Microsoft.PowerApps/apis/shared_office365users","connectionName":"shared_office365users_1","operationId":"UserProfile_V2"},"parameters":{"id":"@items('Apply_to_each')?['Email']"},"authentication":"@parameters('$authentication')"}},"Condition_3":{"actions":{"Check_group_membership_(V2)_2":{"runAfter":{},"metadata":{"operationMetadataId":"d01176c0-af7c-44ae-99a0-69e906a020f0"},"type":"OpenApiConnection","inputs":{"host":{"apiId":"/providers/Microsoft.PowerApps/apis/shared_azuread","connectionName":"shared_azuread","operationId":"CheckMemberGroupsV2"},"parameters":{"id":"@outputs('Get_user_profile_(V2)')?['body/id']","body/groupIds":["340fc3a6-90ba-4f5d-8118-c1a391947fc8"]},"authentication":"@parameters('$authentication')"}},"Condition":{"actions":{"Add_user_to_group":{"runAfter":{},"metadata":{"operationMetadataId":"0bb71acd-317e-4904-a6ba-aea028677c30"},"type":"OpenApiConnection","inputs":{"host":{"apiId":"/providers/Microsoft.PowerApps/apis/shared_azuread","connectionName":"shared_azuread","operationId":"AddUserToGroup"},"parameters":{"id":"340fc3a6-90ba-4f5d-8118-c1a391947fc8","body/@odata.id":"@outputs('Get_user_profile_(V2)')?['body/id']"},"authentication":"@parameters('$authentication')"}},"Update_a_row":{"runAfter":{"Add_user_to_group":["Succeeded"]},"metadata":{"01EF7ERYE7F3JIAZBREZA3ZDJ6Y6ICJQ6M":"/Penny Access Chatbot.xlsx","operationMetadataId":"143a70eb-604a-4780-84cd-0af6c8b7a7c3","tableId":"{CBA950E9-CF38-4D85-AD37-4F714BC2DE08}"},"type":"OpenApiConnection","inputs":{"host":{"apiId":"/providers/Microsoft.PowerApps/apis/shared_excelonlinebusiness","connectionName":"shared_excelonlinebusiness","operationId":"PatchItem"},"parameters":{"source":"groups/3abf9f2f-7b6b-46fe-978c-81006801aedf","drive":"b!qyBse53NTkSCowKpqMQORIQSHS_O5z5HtLCzf9j0fGFy5GYOuJsrT5MoQ5UZQQVi","file":"01EF7ERYE7F3JIAZBREZA3ZDJ6Y6ICJQ6M","table":"{CBA950E9-CF38-4D85-AD37-4F714BC2DE08}","idColumn":"Sno","id":"@items('Apply_to_each')?['Sno']","item/Action":"Member successfully added","item/Last Modified":"@formatDateTime(utcNow(),'dd-MM-yyyyThh:mm:ss')"},"authentication":"@parameters('$authentication')"}},"Send_an_email_(V2)":{"runAfter":{"Update_a_row":["Succeeded"]},"metadata":{"operationMetadataId":"cc195a2f-524a-46bb-bca3-f91e6190a1fd"},"type":"OpenApiConnection","inputs":{"host":{"apiId":"/providers/Microsoft.PowerApps/apis/shared_office365","connectionName":"shared_office365","operationId":"SendEmailV2"},"parameters":{"emailMessage/To":"@items('Apply_to_each')?['Email']","emailMessage/Subject":"Access to Penny Disputes","emailMessage/Body":"<p>Hello @{outputs('Update_a_row')?['body/User Name']},<br>\n<br>\nYour Request for Penny Dispute Access has been granted now,<br>\nYou can now try logging into penny using below Link,<br>\n<br>\nhttps://pricing.penny.maersk.com/penny-ui/welcome<br>\n<br>\nRegards,<br>\nAutomation &amp; Enablement Team</p>","emailMessage/From":"AutomationandEnablement@maersk.com","emailMessage/ReplyTo":"AutomationandEnablement@maersk.com","emailMessage/Importance":"Normal"},"authentication":"@parameters('$authentication')"}}},"runAfter":{"Check_group_membership_(V2)_2":["Succeeded"]},"else":{"actions":{"Send_an_email_(V2)_3":{"runAfter":{},"metadata":{"operationMetadataId":"8b550147-618d-4c4f-b204-621ae7ab155b"},"type":"OpenApiConnection","inputs":{"host":{"apiId":"/providers/Microsoft.PowerApps/apis/shared_office365","connectionName":"shared_office365","operationId":"SendEmailV2"},"parameters":{"emailMessage/To":"@items('Apply_to_each')?['Email']","emailMessage/Subject":"Penny Dispute Access","emailMessage/Body":"<p>Hello @{items('Apply_to_each')?['User Name']},<br>\n<br>\nAccess is already present, kindly clear cookies and history and retry again.<br>\n<br>\nRegards,<br>\nAutomation &amp; Enablement</p>","emailMessage/From":"AutomationandEnablement@maersk.com","emailMessage/ReplyTo":"AutomationandEnablement@maersk.com","emailMessage/Importance":"Normal"},"authentication":"@parameters('$authentication')"}},"Update_a_row_3":{"runAfter":{"Send_an_email_(V2)_3":["Succeeded"]},"metadata":{"01EF7ERYE7F3JIAZBREZA3ZDJ6Y6ICJQ6M":"/Penny Access Chatbot.xlsx","operationMetadataId":"143a70eb-604a-4780-84cd-0af6c8b7a7c3","tableId":"{CBA950E9-CF38-4D85-AD37-4F714BC2DE08}"},"type":"OpenApiConnection","inputs":{"host":{"apiId":"/providers/Microsoft.PowerApps/apis/shared_excelonlinebusiness","connectionName":"shared_excelonlinebusiness","operationId":"PatchItem"},"parameters":{"source":"groups/3abf9f2f-7b6b-46fe-978c-81006801aedf","drive":"b!qyBse53NTkSCowKpqMQORIQSHS_O5z5HtLCzf9j0fGFy5GYOuJsrT5MoQ5UZQQVi","file":"01EF7ERYE7F3JIAZBREZA3ZDJ6Y6ICJQ6M","table":"{CBA950E9-CF38-4D85-AD37-4F714BC2DE08}","idColumn":"Sno","id":"@items('Apply_to_each')?['Sno']","item/Action":"Memeber Already Present","item/Last Modified":"@formatDateTime(utcNow(), 'dd-MM-yyyy hh:mm:ss')"},"authentication":"@parameters('$authentication')"}}}},"expression":{"equals":["@length(outputs('Check_group_membership_(V2)_2')?['body/value'])",0]},"metadata":{"operationMetadataId":"b91794ad-e0d7-44f3-8457-5cce6c1bb7c6"},"type":"If"}},"runAfter":{"Get_user_profile_(V2)":["Succeeded"]},"else":{"actions":{"Check_group_membership_(V2)":{"runAfter":{},"metadata":{"operationMetadataId":"d01176c0-af7c-44ae-99a0-69e906a020f0"},"type":"OpenApiConnection","inputs":{"host":{"apiId":"/providers/Microsoft.PowerApps/apis/shared_azuread","connectionName":"shared_azuread","operationId":"CheckMemberGroupsV2"},"parameters":{"id":"@outputs('Get_user_profile_(V2)')?['body/id']","body/groupIds":["50105eac-b690-4461-91aa-c7c4e1355b72"]},"authentication":"@parameters('$authentication')"}},"Condition_4":{"actions":{"Add_user_to_group_2":{"runAfter":{},"metadata":{"operationMetadataId":"0bb71acd-317e-4904-a6ba-aea028677c30"},"type":"OpenApiConnection","inputs":{"host":{"apiId":"/providers/Microsoft.PowerApps/apis/shared_azuread","connectionName":"shared_azuread","operationId":"AddUserToGroup"},"parameters":{"id":"50105eac-b690-4461-91aa-c7c4e1355b72","body/@odata.id":"@outputs('Get_user_profile_(V2)')?['body/id']"},"authentication":"@parameters('$authentication')"}},"Update_a_row_2":{"runAfter":{"Add_user_to_group_2":["Succeeded"]},"metadata":{"01EF7ERYE7F3JIAZBREZA3ZDJ6Y6ICJQ6M":"/Penny Access Chatbot.xlsx","operationMetadataId":"143a70eb-604a-4780-84cd-0af6c8b7a7c3","tableId":"{CBA950E9-CF38-4D85-AD37-4F714BC2DE08}"},"type":"OpenApiConnection","inputs":{"host":{"apiId":"/providers/Microsoft.PowerApps/apis/shared_excelonlinebusiness","connectionName":"shared_excelonlinebusiness","operationId":"PatchItem"},"parameters":{"source":"groups/3abf9f2f-7b6b-46fe-978c-81006801aedf","drive":"b!qyBse53NTkSCowKpqMQORIQSHS_O5z5HtLCzf9j0fGFy5GYOuJsrT5MoQ5UZQQVi","file":"01EF7ERYE7F3JIAZBREZA3ZDJ6Y6ICJQ6M","table":"{CBA950E9-CF38-4D85-AD37-4F714BC2DE08}","idColumn":"Sno","id":"@items('Apply_to_each')?['Sno']","dateTimeFormat":"ISO 8601","item/Action":"Member successfully added","item/Last Modified":"@formatDateTime(utcNow(), 'dd-MM-yyyyThh:mm:ss')"},"authentication":"@parameters('$authentication')"}},"Send_an_email_(V2)_2":{"runAfter":{"Update_a_row_2":["Succeeded"]},"metadata":{"operationMetadataId":"cc195a2f-524a-46bb-bca3-f91e6190a1fd"},"type":"OpenApiConnection","inputs":{"host":{"apiId":"/providers/Microsoft.PowerApps/apis/shared_office365","connectionName":"shared_office365","operationId":"SendEmailV2"},"parameters":{"emailMessage/To":"@items('Apply_to_each')?['Email']","emailMessage/Subject":"Access to Penny Disputes","emailMessage/Body":"<p>Hello @{outputs('Update_a_row_2')?['body/User Name']},<br>\n<br>\nYour Request for Penny Customer Access has been granted now,<br>\nYou can now try logging into penny using below Link,<br>\n<br>\nhttps://pricing.penny.maersk.com/penny-ui/welcome<br>\n<br>\nRegards,<br>\nAutomation &amp; Enablement Team</p>","emailMessage/From":"AutomationandEnablement@maersk.com","emailMessage/ReplyTo":"AutomationandEnablement@maersk.com","emailMessage/Importance":"Normal"},"authentication":"@parameters('$authentication')"}}},"runAfter":{"Check_group_membership_(V2)":["Succeeded"]},"else":{"actions":{"Send_an_email_(V2)_4":{"runAfter":{},"metadata":{"operationMetadataId":"1e25cace-dca1-4c13-8ccb-17afebdc5225"},"type":"OpenApiConnection","inputs":{"host":{"apiId":"/providers/Microsoft.PowerApps/apis/shared_office365","connectionName":"shared_office365","operationId":"SendEmailV2"},"parameters":{"emailMessage/To":"@items('Apply_to_each')?['Email']","emailMessage/Subject":"Penny Customer Access","emailMessage/Body":"<p>Hello @{items('Apply_to_each')?['User Name']},<br>\n<br>\nAccess is already present, kindly clear cookies and history and retry again.<br>\n<br>\nRegards,<br>\nAutomation &amp; Enablement</p>","emailMessage/From":"AutomationandEnablement@maersk.com","emailMessage/ReplyTo":"AutomationandEnablement@maersk.com","emailMessage/Importance":"Normal"},"authentication":"@parameters('$authentication')"}},"Update_a_row_4":{"runAfter":{"Send_an_email_(V2)_4":["Succeeded"]},"metadata":{"01EF7ERYE7F3JIAZBREZA3ZDJ6Y6ICJQ6M":"/Penny Access Chatbot.xlsx","operationMetadataId":"143a70eb-604a-4780-84cd-0af6c8b7a7c3","tableId":"{CBA950E9-CF38-4D85-AD37-4F714BC2DE08}"},"type":"OpenApiConnection","inputs":{"host":{"apiId":"/providers/Microsoft.PowerApps/apis/shared_excelonlinebusiness","connectionName":"shared_excelonlinebusiness","operationId":"PatchItem"},"parameters":{"source":"groups/3abf9f2f-7b6b-46fe-978c-81006801aedf","drive":"b!qyBse53NTkSCowKpqMQORIQSHS_O5z5HtLCzf9j0fGFy5GYOuJsrT5MoQ5UZQQVi","file":"01EF7ERYE7F3JIAZBREZA3ZDJ6Y6ICJQ6M","table":"{CBA950E9-CF38-4D85-AD37-4F714BC2DE08}","idColumn":"Sno","id":"@items('Apply_to_each')?['Sno']","item/Action":"Member Present Already","item/Last Modified":"@formatDateTime(utcNow(), 'dd-MM-yyyyThh:mm:ss')"},"authentication":"@parameters('$authentication')"}}}},"expression":{"equals":["@length(outputs('Check_group_membership_(V2)')?['body/value'])",0]},"metadata":{"operationMetadataId":"b91794ad-e0d7-44f3-8457-5cce6c1bb7c6"},"type":"If"}}},"expression":{"contains":["@items('Apply_to_each')?['Role']","Penny Dispute Access"]},"metadata":{"operationMetadataId":"99c01119-c427-4470-89db-58f5191efa0c"},"type":"If"},"Update_a_row_5":{"runAfter":{"Get_user_profile_(V2)":["Failed"]},"metadata":{"01EF7ERYE7F3JIAZBREZA3ZDJ6Y6ICJQ6M":"/Penny BOT/Penny Access Chatbot.xlsx","operationMetadataId":"da231519-a27d-499b-9de8-ed3ddcfa1db3","tableId":"{CBA950E9-CF38-4D85-AD37-4F714BC2DE08}"},"type":"OpenApiConnection","inputs":{"host":{"apiId":"/providers/Microsoft.PowerApps/apis/shared_excelonlinebusiness","connectionName":"shared_excelonlinebusiness","operationId":"PatchItem"},"parameters":{"source":"groups/3abf9f2f-7b6b-46fe-978c-81006801aedf","drive":"b!qyBse53NTkSCowKpqMQORIQSHS_O5z5HtLCzf9j0fGFy5GYOuJsrT5MoQ5UZQQVi","file":"01EF7ERYE7F3JIAZBREZA3ZDJ6Y6ICJQ6M","table":"{CBA950E9-CF38-4D85-AD37-4F714BC2DE08}","idColumn":"Sno","id":"@items('Apply_to_each')?['Sno']","item/Action":"Incorrect Mail- failed to process","item/Last Modified":"@formatDateTime(utcNow(), 'dd-MM-yyyyThh:mm:ss')"},"authentication":"@parameters('$authentication')"}}},"runAfter":{},"expression":{"equals":["@items('Apply_to_each')?['Action']","@string('')"]},"metadata":{"operationMetadataId":"0607bfb0-6fda-41e3-bdd9-1cf8f7931528"},"type":"If"}},"runAfter":{"List_rows_present_in_a_table":["Succeeded"]},"metadata":{"operationMetadataId":"9170d0c6-35cc-4fdc-9a9e-d02416467107"},"type":"Foreach"}}},"connectionReferences":{"shared_excelonlinebusiness":{"connectionName":"shared-excelonlinebu-40c243e1-aba2-42ac-9237-2b16c5efa404","source":"Embedded","id":"/providers/Microsoft.PowerApps/apis/shared_excelonlinebusiness","tier":"NotSpecified"},"shared_office365users_1":{"connectionName":"shared-office365user-c131f996-7afe-4749-a757-d29fb5670006","source":"Embedded","id":"/providers/Microsoft.PowerApps/apis/shared_office365users","tier":"NotSpecified"},"shared_azuread":{"connectionName":"shared-azuread-367207d7-7d23-4760-a31e-1b24cf7141a8","source":"Embedded","id":"/providers/Microsoft.PowerApps/apis/shared_azuread","tier":"NotSpecified"},"shared_office365":{"connectionName":"0cebe7e783874ce29db2acaa9b6212da","source":"Embedded","id":"/providers/Microsoft.PowerApps/apis/shared_office365","tier":"NotSpecified"}},"flowFailureAlertSubscribed":false,"isManaged":false}}