{"name":"c2644bd3-74ae-45e5-8152-312e3961a25b","id":"/providers/Microsoft.Flow/flows/c2644bd3-74ae-45e5-8152-312e3961a25b","type":"Microsoft.Flow/flows","properties":{"apiId":"/providers/Microsoft.PowerApps/apis/shared_logicflows","displayName":"Incident Triage assigned to","definition":{"metadata":{"workflowEntityId":null,"processAdvisorMetadata":null,"flowChargedByPaygo":null,"flowclientsuspensionreason":"None","flowclientsuspensiontime":null,"flowclientsuspensionreasondetails":null,"creator":{"id":"dd3eb934-8d05-4384-8dae-c1e35e48b2ef","type":"User","tenantId":"05d75c05-fa1a-42e7-9cf1-eb416c396f2d"},"provisioningMethod":"FromDefinition","failureAlertSubscription":true,"clientLastModifiedTime":"2024-10-01T07:30:38.5079887Z","connectionKeySavedTimeKey":"2024-10-01T07:30:38.5079887Z"},"$schema":"https://schema.management.azure.com/providers/Microsoft.Logic/schemas/2016-06-01/workflowdefinition.json#","contentVersion":"undefined","parameters":{"$authentication":{"defaultValue":{},"type":"SecureObject"},"$connections":{"defaultValue":{},"type":"Object"}},"triggers":{"Recurrence":{"recurrence":{"frequency":"Week","interval":1,"timeZone":"India Standard Time","startTime":"2024-09-20 15:00:00","schedule":{"weekDays":["Monday","Tuesday","Wednesday","Thursday","Friday"],"hours":["11"],"minutes":[30]}},"metadata":{"operationMetadataId":"17640512-5189-455f-acc0-c8f055a02212"},"type":"Recurrence"}},"actions":{"List_rows_present_in_a_table":{"runAfter":{},"metadata":{"01EQNTDALHN5P2VT7DPFC2TLITG24O2YCW":"/Documents/MSK_Daily_Open_Ticket_Report_26th August.xlsx","tableId":"{C8574234-026E-4CAE-BE7C-2D480B463EC6}","operationMetadataId":"e259a0e8-c01c-468a-b382-43f08147b77a","01XOILSKCQJX2UNTI3NFBI72PSVKQIHFPV":"/Automation Flow Shared Files/Triage Incident assigned to automation.xlsx"},"type":"OpenApiConnection","inputs":{"parameters":{"source":"groups/c779f883-1891-4625-9e81-ffe6a41aab57","drive":"b!5OPNOi8ftE6-eUHKuPfethVY-qpAR75An8OuDZoQOzUfc5BSj41vQbXY3jCahu7F","file":"01XOILSKCQJX2UNTI3NFBI72PSVKQIHFPV","table":"{C8574234-026E-4CAE-BE7C-2D480B463EC6}"},"host":{"apiId":"/providers/Microsoft.PowerApps/apis/shared_excelonlinebusiness","connectionName":"shared_excelonlinebusiness","operationId":"GetItems"},"authentication":"@parameters('$authentication')"}},"Apply_to_each":{"foreach":"@outputs('List_rows_present_in_a_table')?['body/value']","actions":{"Condition":{"actions":{},"runAfter":{"Compose-copy":["Succeeded"]},"else":{"actions":{"Condition_1":{"actions":{},"else":{"actions":{"List_Records":{"metadata":{"operationMetadataId":"ad110c03-64da-4958-afeb-cb3b4c20864b"},"type":"OpenApiConnection","inputs":{"parameters":{"tableType":"incident","sysparm_display_value":false,"sysparm_exclude_reference_link":true,"sysparm_query":"number=@{items('Apply_to_each')?['Incident_ID']}"},"host":{"apiId":"/providers/Microsoft.PowerApps/apis/shared_service-now","connectionName":"shared_service-now_1","operationId":"GetRecords"},"authentication":"@parameters('$authentication')"}},"Apply_to_each_2":{"foreach":"@outputs('List_Records')?['body/result']","actions":{"Update_Record":{"metadata":{"operationMetadataId":"f60d3d90-3c43-4ecf-b487-b2d8a2506c99"},"type":"OpenApiConnection","inputs":{"parameters":{"tableType":"incident","sysid":"@items('Apply_to_each_2')?['sys_id']","sysparm_display_value":false,"sysparm_exclude_reference_link":true,"body/assigned_to":"@items('Apply_to_each')?['Assigned to']"},"host":{"apiId":"/providers/Microsoft.PowerApps/apis/shared_service-now","connectionName":"shared_service-now_1","operationId":"UpdateRecord"},"authentication":"@parameters('$authentication')"}},"Update_a_row":{"runAfter":{"Update_Record":["Succeeded"]},"metadata":{"01XOILSKCQJX2UNTI3NFBI72PSVKQIHFPV":"/Automation Flow Shared Files/Triage Incident assigned to automation.xlsx","operationMetadataId":"9d5bcf42-9261-40bf-a5f5-4893de1f2c8c","tableId":"{C8574234-026E-4CAE-BE7C-2D480B463EC6}"},"type":"OpenApiConnection","inputs":{"parameters":{"source":"groups/c779f883-1891-4625-9e81-ffe6a41aab57","drive":"b!5OPNOi8ftE6-eUHKuPfethVY-qpAR75An8OuDZoQOzUfc5BSj41vQbXY3jCahu7F","file":"01XOILSKCQJX2UNTI3NFBI72PSVKQIHFPV","table":"{C8574234-026E-4CAE-BE7C-2D480B463EC6}","idColumn":"Incident_ID","id":"@items('Apply_to_each_2')?['number']","item/Status":"Success","item/Date":"@utcNow()"},"host":{"apiId":"/providers/Microsoft.PowerApps/apis/shared_excelonlinebusiness","connectionName":"shared_excelonlinebusiness","operationId":"PatchItem"},"authentication":"@parameters('$authentication')"}}},"runAfter":{"List_Records":["Succeeded"]},"metadata":{"operationMetadataId":"7f28f14c-8f52-457f-a61d-e14af9a8923d"},"type":"Foreach"}}},"expression":{"and":[{"contains":["@items('Apply_to_each')?['Status']","Success"]}]},"type":"If"}}},"expression":{"and":[{"equals":["@empty(items('Apply_to_each')?['Assigned to'])","@true"]},{"equals":["@empty(items('Apply_to_each')?['Status'])","@false"]}]},"metadata":{"operationMetadataId":"0547e1dd-35ec-4682-b429-c294b2500127"},"type":"If"},"Compose":{"type":"Compose","inputs":"@empty(items('Apply_to_each')?['Assigned to'])"},"Compose-copy":{"runAfter":{"Compose":["Succeeded"]},"type":"Compose","inputs":"@empty(items('Apply_to_each')?['Status'])"}},"runAfter":{"Initialize_variable":["Succeeded"]},"metadata":{"operationMetadataId":"5e3fb544-b6a8-4d09-8452-05fe64cf6ff3"},"type":"Foreach"},"Initialize_variable":{"runAfter":{"List_rows_present_in_a_table":["Succeeded"]},"metadata":{"operationMetadataId":"7e66265a-b47b-4b94-a571-029f137eb774"},"type":"InitializeVariable","inputs":{"variables":[{"name":"Bot","type":"string","value":"\"Success\""}]}}}},"connectionReferences":{"shared_excelonlinebusiness":{"connectionName":"shared-excelonlinebu-045fe2ff-d9c8-42c8-bff4-c5441c37518b","source":"Embedded","id":"/providers/Microsoft.PowerApps/apis/shared_excelonlinebusiness","tier":"NotSpecified"},"shared_service-now_1":{"connectionName":"shared-service-now-b5753142-d3ef-4c76-9ce7-07665156df25","source":"Embedded","id":"/providers/Microsoft.PowerApps/apis/shared_service-now","tier":"NotSpecified"}},"flowFailureAlertSubscribed":false,"isManaged":false}}