{"name":"3a4bbd95-8f21-46b3-a55f-bb33e8b14657","id":"/providers/Microsoft.Flow/flows/3a4bbd95-8f21-46b3-a55f-bb33e8b14657","type":"Microsoft.Flow/flows","properties":{"apiId":"/providers/Microsoft.PowerApps/apis/shared_logicflows","displayName":"UTM Prod","definition":{"metadata":{"workflowEntityId":null,"processAdvisorMetadata":null,"flowChargedByPaygo":null,"flowclientsuspensionreason":"None","flowclientsuspensiontime":null,"flowclientsuspensionreasondetails":null,"creator":{"id":"6229caa9-7645-4859-a155-d23671951d42","type":"User","tenantId":"05d75c05-fa1a-42e7-9cf1-eb416c396f2d"},"provisioningMethod":"FromDefinition","failureAlertSubscription":true,"clientLastModifiedTime":"2024-09-30T10:13:25.4816796Z","connectionKeySavedTimeKey":"2024-09-30T10:13:25.4816796Z"},"$schema":"https://schema.management.azure.com/providers/Microsoft.Logic/schemas/2016-06-01/workflowdefinition.json#","contentVersion":"1.0.0.0","parameters":{"$connections":{"defaultValue":{},"type":"Object"},"$authentication":{"defaultValue":{},"type":"SecureObject"}},"triggers":{"Recurrence":{"recurrence":{"frequency":"Hour","interval":1,"timeZone":"India Standard Time","startTime":"2024-09-05T14:00:00Z"},"metadata":{"operationMetadataId":"4827b398-6558-4302-8eee-029ee206108e"},"type":"Recurrence"}},"actions":{"List_Records":{"runAfter":{},"metadata":{"operationMetadataId":"7f44d5f3-bb1d-4f08-9e70-c23b18f72dc8"},"type":"OpenApiConnection","inputs":{"host":{"apiId":"/providers/Microsoft.PowerApps/apis/shared_service-now","connectionName":"shared_service-now_1","operationId":"GetRecords"},"parameters":{"tableType":"sc_req_item","sysparm_display_value":true,"sysparm_exclude_reference_link":true,"sysparm_query":"assignment_group=5e3273304f5bc240ecac79a18110c767^active=true^variables.c2bd83454719add04ef0b876736d432a=The new/modernized - Production Environment^stateIN-5,1"},"authentication":"@parameters('$authentication')"}},"List_rows_present_in_a_table":{"runAfter":{"List_Records":["Succeeded"]},"metadata":{"01GXQQGFB3GP3VCSLAIZE3XRSDDCML5TIR":"/Documents/UTM Use case/UTM Yield Data.xlsx","operationMetadataId":"a52a3ef0-f439-41b8-be47-6b9ab3a8b6c4","tableId":"{7915B4DD-3853-4632-A7BD-86DF74263E4C}","013HANUD2LSO4TSS6SKJAJ4BPLGRWEHT2O":"/MANN/UTM/UTM Yield Data.xlsx"},"type":"OpenApiConnection","inputs":{"host":{"apiId":"/providers/Microsoft.PowerApps/apis/shared_excelonlinebusiness","connectionName":"shared_excelonlinebusiness_1","operationId":"GetItems"},"parameters":{"source":"me","drive":"b!HKU7pRdB4EeZLQSFNNnhGYtU1JEzuBpDvZciNghAmQizSNh9kQEnSae1AkPgSoP9","file":"013HANUD2LSO4TSS6SKJAJ4BPLGRWEHT2O","table":"{7915B4DD-3853-4632-A7BD-86DF74263E4C}"},"authentication":"@parameters('$authentication')"},"runtimeConfiguration":{"paginationPolicy":{"minimumItemCount":2000}}},"Select_2":{"runAfter":{"List_rows_present_in_a_table":["Succeeded"]},"metadata":{"operationMetadataId":"cbf798ab-6854-459e-8681-4b244fcc0ef6"},"type":"Select","inputs":{"from":"@outputs('List_rows_present_in_a_table')?['body/value']","select":"@item()?['ID']"}},"Apply_to_each":{"foreach":"@outputs('List_Records')?['body/result']","actions":{"Parse_JSON":{"runAfter":{"HTTP":["Succeeded"]},"metadata":{"operationMetadataId":"a1ac7941-2eb0-403c-9e4d-52507f11533a"},"type":"ParseJson","inputs":{"content":"@body('HTTP')","schema":{"type":"object","properties":{"result":{"type":"object","properties":{"status":{"type":"string"},"message":{"type":"object","properties":{"code":{"type":"string"},"message":{"type":"string"}}},"data":{"type":"object","properties":{"ritmNumber":{"type":"string"},"shortDescription":{"type":"string"},"state":{"type":"string"},"stage":{"type":"string"},"approval":{"type":"string"},"requested_for":{"type":"string"},"maerskId":{"type":"string"},"firstName":{"type":"string"},"lastName":{"type":"string"},"location":{"type":"string"},"variables":{"type":"array","items":{"type":"object","properties":{"variableName":{"type":"string"},"variableAnswer":{"type":"string"}},"required":["variableName","variableAnswer"]}}}}}}}}}},"Select":{"runAfter":{"Parse_JSON":["Succeeded"]},"metadata":{"operationMetadataId":"6bd19aa7-c9ef-452e-84c9-465408221d92"},"type":"Select","inputs":{"from":"@body('Parse_JSON')?['result']?['data']?['variables']","select":{"@item()?['variableName']":"@item()?['variableAnswer']"}}},"Approval":{"runAfter":{"Select":["Succeeded"]},"metadata":{"operationMetadataId":"e28efaf7-03ea-48f5-81cc-f5ad0af29d54"},"type":"Compose","inputs":"@body('Parse_JSON')?['result']?['data']?['approval']"},"Type_of_Request":{"runAfter":{"Approval":["Succeeded"]},"metadata":{"operationMetadataId":"e28efaf7-03ea-48f5-81cc-f5ad0af29d54"},"type":"Compose","inputs":"@body('Select')[4]['Environment']"},"Email":{"runAfter":{"Type_of_Request":["Succeeded"]},"metadata":{"operationMetadataId":"50703929-36f8-48f4-8ca8-826c1d74ed6f"},"type":"Compose","inputs":"@body('Parse_JSON')?['result']?['data']?['requested_for']"},"Single_Vessel_Steering":{"runAfter":{"Get_user_profile_(V2)":["Succeeded"]},"metadata":{"operationMetadataId":"50703929-36f8-48f4-8ca8-826c1d74ed6f"},"type":"Compose","inputs":"@body('Select')[6]['Vddc45867_Single_Vessel_Steering']"},"Lead_Route_Configuration":{"runAfter":{"Single_Vessel_Steering":["Succeeded"]},"metadata":{"operationMetadataId":"50703929-36f8-48f4-8ca8-826c1d74ed6f"},"type":"Compose","inputs":"@body('Select')[9]['Vb2e428be_Lead_Route_Configuration']"},"Default_Steering_Settings":{"runAfter":{"Lead_Route_Configuration":["Succeeded"]},"metadata":{"operationMetadataId":"50703929-36f8-48f4-8ca8-826c1d74ed6f"},"type":"Compose","inputs":"@body('Select')[5]['Ve684ca93_Default_Steering_Settings']"},"Reference_Yield_Settings":{"runAfter":{"Default_Steering_Settings":["Succeeded"]},"metadata":{"operationMetadataId":"50703929-36f8-48f4-8ca8-826c1d74ed6f"},"type":"Compose","inputs":"@body('Select')[7]['Vd264d958_Reference_Yield_Settings']"},"Week_Control_Panel":{"runAfter":{"Reference_Yield_Settings":["Succeeded"]},"metadata":{"operationMetadataId":"50703929-36f8-48f4-8ca8-826c1d74ed6f"},"type":"Compose","inputs":"@body('Select')[8]['V0cc43b49_Week_Control_Panel']"},"ODAC_Week_Control_Panel_ODAC_Origin_Destination_Allocation_Consumption":{"runAfter":{"Week_Control_Panel":["Succeeded"]},"metadata":{"operationMetadataId":"50703929-36f8-48f4-8ca8-826c1d74ed6f"},"type":"Compose","inputs":"@body('Select')[10]['V6ed40a98_ODAC_Week_Control_Panel_ODAC_Origin_Destination_Allocation_Consumption']"},"Readonly_This_will_grant_you_read_access_to_all_screens":{"runAfter":{"ODAC_Week_Control_Panel_ODAC_Origin_Destination_Allocation_Consumption":["Succeeded"]},"metadata":{"operationMetadataId":"50703929-36f8-48f4-8ca8-826c1d74ed6f"},"type":"Compose","inputs":"@body('Select')[11]['Vd654daa2_Readonly_This_will_grant_you_read_access_to_all_screens']"},"HTTP":{"runAfter":{"Diff_PlannedTime_CurrTime":["Succeeded"]},"metadata":{"operationMetadataId":"7b08692e-3d92-4f43-b945-910d0a3eb81a"},"type":"Http","inputs":{"method":"GET","uri":"https://maersk.service-now.com/api/mluk/power_automate/retrieveItem?ritm=@{items('Apply_to_each')?['number']}","authentication":{"type":"Basic","username":"Tech_Support","password":":hT}@_whX@s8Jhn$j6NXtr)^Q!{ePJ,;QvdV]1S6"}}},"Is_Request_Approved":{"actions":{"Condition_9":{"actions":{"Check_group_membership_(V2)_7":{"runAfter":{},"metadata":{"operationMetadataId":"2f49e708-a6d2-4e3e-8003-f0249d473a27"},"type":"OpenApiConnection","inputs":{"host":{"apiId":"/providers/Microsoft.PowerApps/apis/shared_azuread","connectionName":"shared_azuread_1","operationId":"CheckMemberGroupsV2"},"parameters":{"id":"@outputs('Get_user_profile_(V2)')?['body/id']","body/groupIds":["3686cba4-37ae-44c3-a0e0-26fe85bbd1d4"]},"authentication":"@parameters('$authentication')"}},"If_access_available_7":{"actions":{"Readonly_Group":{"runAfter":{},"metadata":{"operationMetadataId":"d3a63a04-5ef5-4bf6-bead-5ae29b9ee03d"},"type":"OpenApiConnection","inputs":{"host":{"apiId":"/providers/Microsoft.PowerApps/apis/shared_azuread","connectionName":"shared_azuread_1","operationId":"AddUserToGroup"},"parameters":{"id":"3686cba4-37ae-44c3-a0e0-26fe85bbd1d4","body/@odata.id":"@outputs('Get_user_profile_(V2)')?['body/id']"},"authentication":"@parameters('$authentication')"}},"Update_a_row_13":{"runAfter":{"Readonly_Group":["Succeeded"]},"metadata":{"01GXQQGFB3GP3VCSLAIZE3XRSDDCML5TIR":"/Documents/UTM Use case/UTM Yield Data.xlsx","operationMetadataId":"4eef5063-6fe8-4cd9-9986-1fd3f266bec9","tableId":"{7915B4DD-3853-4632-A7BD-86DF74263E4C}"},"type":"OpenApiConnection","inputs":{"host":{"apiId":"/providers/Microsoft.PowerApps/apis/shared_excelonlinebusiness","connectionName":"shared_excelonlinebusiness_1","operationId":"PatchItem"},"parameters":{"source":"me","drive":"b!HKU7pRdB4EeZLQSFNNnhGYtU1JEzuBpDvZciNghAmQizSNh9kQEnSae1AkPgSoP9","file":"/MANN/UTM/UTM Yield Data.xlsx","table":"{7915B4DD-3853-4632-A7BD-86DF74263E4C}","idColumn":"ID","id":"@items('Apply_to_each')?['number']","item/Readonly":"Access Granted"},"authentication":"@parameters('$authentication')"}}},"runAfter":{"Check_group_membership_(V2)_7":["Succeeded"]},"else":{"actions":{"Send_an_email_(V2)_10":{"runAfter":{},"metadata":{"operationMetadataId":"0b687c35-4a6f-4c18-8470-e92e201d6652"},"type":"OpenApiConnection","inputs":{"host":{"apiId":"/providers/Microsoft.PowerApps/apis/shared_office365","connectionName":"shared_office365_1","operationId":"SendEmailV2"},"parameters":{"emailMessage/To":"@outputs('Get_user_profile_(V2)')?['body/mail']","emailMessage/Subject":"Access Already Present!","emailMessage/Body":"<p><strong>User id:</strong>@{outputs('Email')}<br>\nAccess for <strong>Default Steering Settings Group</strong> already present!</p>","emailMessage/Importance":"Normal"},"authentication":"@parameters('$authentication')"}},"Update_a_row_14":{"runAfter":{"Send_an_email_(V2)_10":["Succeeded"]},"metadata":{"01GXQQGFB3GP3VCSLAIZE3XRSDDCML5TIR":"/Documents/UTM Use case/UTM Yield Data.xlsx","operationMetadataId":"22a30442-a869-4273-a26a-7979a36b73e2","tableId":"{7915B4DD-3853-4632-A7BD-86DF74263E4C}"},"type":"OpenApiConnection","inputs":{"host":{"apiId":"/providers/Microsoft.PowerApps/apis/shared_excelonlinebusiness","connectionName":"shared_excelonlinebusiness_1","operationId":"PatchItem"},"parameters":{"source":"me","drive":"b!HKU7pRdB4EeZLQSFNNnhGYtU1JEzuBpDvZciNghAmQizSNh9kQEnSae1AkPgSoP9","file":"/MANN/UTM/UTM Yield Data.xlsx","table":"{7915B4DD-3853-4632-A7BD-86DF74263E4C}","idColumn":"ID","id":"@items('Apply_to_each')?['number']","item/Readonly":"Access Already Present"},"authentication":"@parameters('$authentication')"}}}},"expression":{"equals":["@length(outputs('Check_group_membership_(V2)_7')?['body/value'])",0]},"metadata":{"operationMetadataId":"c3c6533d-f9f9-43c6-aa52-30ceb22c7182"},"type":"If"}},"runAfter":{"Condition_8":["Succeeded","Failed","TimedOut"]},"expression":{"equals":["@outputs('Readonly_This_will_grant_you_read_access_to_all_screens')","true"]},"metadata":{"operationMetadataId":"f97949b4-169c-4222-8bdc-c114dd1879d9"},"type":"If"},"Condition_8":{"actions":{"Check_group_membership_(V2)_6":{"runAfter":{},"metadata":{"operationMetadataId":"0c0c4348-f78e-4539-a3d7-01ded453e349"},"type":"OpenApiConnection","inputs":{"host":{"apiId":"/providers/Microsoft.PowerApps/apis/shared_azuread","connectionName":"shared_azuread","operationId":"CheckMemberGroupsV2"},"parameters":{"id":"@outputs('Get_user_profile_(V2)')?['body/id']","body/groupIds":["00708600-6b35-4fd1-bb76-9f27fc0c3ce3"]},"authentication":"@parameters('$authentication')"}},"If_access_available_6":{"actions":{"ODAC_Group":{"runAfter":{},"metadata":{"operationMetadataId":"d3a63a04-5ef5-4bf6-bead-5ae29b9ee03d"},"type":"OpenApiConnection","inputs":{"host":{"apiId":"/providers/Microsoft.PowerApps/apis/shared_azuread","connectionName":"shared_azuread_1","operationId":"AddUserToGroup"},"parameters":{"id":"00708600-6b35-4fd1-bb76-9f27fc0c3ce3","body/@odata.id":"@outputs('Get_user_profile_(V2)')?['body/id']"},"authentication":"@parameters('$authentication')"}},"Update_a_row_11":{"runAfter":{"ODAC_Group":["Succeeded"]},"metadata":{"01GXQQGFB3GP3VCSLAIZE3XRSDDCML5TIR":"/Documents/UTM Use case/UTM Yield Data.xlsx","operationMetadataId":"20288343-7897-4667-bab5-4ae941b70b45","tableId":"{7915B4DD-3853-4632-A7BD-86DF74263E4C}"},"type":"OpenApiConnection","inputs":{"host":{"apiId":"/providers/Microsoft.PowerApps/apis/shared_excelonlinebusiness","connectionName":"shared_excelonlinebusiness_1","operationId":"PatchItem"},"parameters":{"source":"me","drive":"b!HKU7pRdB4EeZLQSFNNnhGYtU1JEzuBpDvZciNghAmQizSNh9kQEnSae1AkPgSoP9","file":"/MANN/UTM/UTM Yield Data.xlsx","table":"{7915B4DD-3853-4632-A7BD-86DF74263E4C}","idColumn":"ID","id":"@items('Apply_to_each')?['number']","item/ODAC":"Access Granted"},"authentication":"@parameters('$authentication')"}}},"runAfter":{"Check_group_membership_(V2)_6":["Succeeded"]},"else":{"actions":{"Send_an_email_(V2)_9":{"runAfter":{},"metadata":{"operationMetadataId":"c9ea0fc5-cc69-4204-8f3b-97e2e8dee7fc"},"type":"OpenApiConnection","inputs":{"host":{"apiId":"/providers/Microsoft.PowerApps/apis/shared_office365","connectionName":"shared_office365_1","operationId":"SendEmailV2"},"parameters":{"emailMessage/To":"@outputs('Get_user_profile_(V2)')?['body/mail']","emailMessage/Subject":"Access Already Present!","emailMessage/Body":"<p><strong>User id:</strong>@{outputs('Email')}<br>\nAccess for <strong>ODAC Week Control Panel ODAC Origin Destination Allocation &nbsp;Settings </strong>&nbsp;already present!</p>","emailMessage/Importance":"Normal"},"authentication":"@parameters('$authentication')"}},"Update_a_row_12":{"runAfter":{"Send_an_email_(V2)_9":["Succeeded"]},"metadata":{"01GXQQGFB3GP3VCSLAIZE3XRSDDCML5TIR":"/Documents/UTM Use case/UTM Yield Data.xlsx","operationMetadataId":"e8bdbe35-8346-4101-8ae0-3f100e91d8fa","tableId":"{7915B4DD-3853-4632-A7BD-86DF74263E4C}"},"type":"OpenApiConnection","inputs":{"host":{"apiId":"/providers/Microsoft.PowerApps/apis/shared_excelonlinebusiness","connectionName":"shared_excelonlinebusiness_1","operationId":"PatchItem"},"parameters":{"source":"me","drive":"b!HKU7pRdB4EeZLQSFNNnhGYtU1JEzuBpDvZciNghAmQizSNh9kQEnSae1AkPgSoP9","file":"/MANN/UTM/UTM Yield Data.xlsx","table":"{7915B4DD-3853-4632-A7BD-86DF74263E4C}","idColumn":"ID","id":"@items('Apply_to_each')?['number']","item/ODAC":"Access Already Present"},"authentication":"@parameters('$authentication')"}}}},"expression":{"equals":["@length(outputs('Check_group_membership_(V2)_6')?['body/value'])",0]},"metadata":{"operationMetadataId":"92e01656-ce8d-4bb4-b9d6-bccb3be41c79"},"type":"If"}},"runAfter":{"Condition_7":["Succeeded","TimedOut","Failed"]},"expression":{"equals":["@outputs('ODAC_Week_Control_Panel_ODAC_Origin_Destination_Allocation_Consumption')","true"]},"metadata":{"operationMetadataId":"f97949b4-169c-4222-8bdc-c114dd1879d9"},"type":"If"},"Condition_7":{"actions":{"Check_group_membership_(V2)_5":{"runAfter":{},"metadata":{"operationMetadataId":"193522eb-a348-4b06-a7fd-65809ac27100"},"type":"OpenApiConnection","inputs":{"host":{"apiId":"/providers/Microsoft.PowerApps/apis/shared_azuread","connectionName":"shared_azuread_1","operationId":"CheckMemberGroupsV2"},"parameters":{"id":"@outputs('Get_user_profile_(V2)')?['body/id']","body/groupIds":["7a475337-f6d1-4a0d-87fa-8cd8a9c5b52c"]},"authentication":"@parameters('$authentication')"}},"If_access_available_5":{"actions":{"Lead_Route_Configuration_Group":{"runAfter":{},"metadata":{"operationMetadataId":"d3a63a04-5ef5-4bf6-bead-5ae29b9ee03d"},"type":"OpenApiConnection","inputs":{"host":{"apiId":"/providers/Microsoft.PowerApps/apis/shared_azuread","connectionName":"shared_azuread_1","operationId":"AddUserToGroup"},"parameters":{"id":"7a475337-f6d1-4a0d-87fa-8cd8a9c5b52c","body/@odata.id":"@outputs('Get_user_profile_(V2)')?['body/id']"},"authentication":"@parameters('$authentication')"}},"Update_a_row_9":{"runAfter":{"Lead_Route_Configuration_Group":["Succeeded"]},"metadata":{"01GXQQGFB3GP3VCSLAIZE3XRSDDCML5TIR":"/Documents/UTM Use case/UTM Yield Data.xlsx","operationMetadataId":"fe62eaa8-cace-4a28-beec-2f5b2719195a","tableId":"{7915B4DD-3853-4632-A7BD-86DF74263E4C}"},"type":"OpenApiConnection","inputs":{"host":{"apiId":"/providers/Microsoft.PowerApps/apis/shared_excelonlinebusiness","connectionName":"shared_excelonlinebusiness_1","operationId":"PatchItem"},"parameters":{"source":"me","drive":"b!HKU7pRdB4EeZLQSFNNnhGYtU1JEzuBpDvZciNghAmQizSNh9kQEnSae1AkPgSoP9","file":"/MANN/UTM/UTM Yield Data.xlsx","table":"{7915B4DD-3853-4632-A7BD-86DF74263E4C}","idColumn":"ID","id":"@items('Apply_to_each')?['number']","item/Lead Route":"Access Granted"},"authentication":"@parameters('$authentication')"}}},"runAfter":{"Check_group_membership_(V2)_5":["Succeeded"]},"else":{"actions":{"Send_an_email_(V2)_8":{"runAfter":{},"metadata":{"operationMetadataId":"f4c5d659-82f5-477e-83d5-fab458667270"},"type":"OpenApiConnection","inputs":{"host":{"apiId":"/providers/Microsoft.PowerApps/apis/shared_office365","connectionName":"shared_office365_1","operationId":"SendEmailV2"},"parameters":{"emailMessage/To":"@outputs('Get_user_profile_(V2)')?['body/mail']","emailMessage/Subject":"Access Already Present!","emailMessage/Body":"<p><strong>User id:</strong>@{outputs('Email')}<br>\nAccess for <strong>Lead Route Configuration </strong>already present!</p>","emailMessage/Importance":"Normal"},"authentication":"@parameters('$authentication')"}},"Update_a_row_10":{"runAfter":{"Send_an_email_(V2)_8":["Succeeded"]},"metadata":{"01GXQQGFB3GP3VCSLAIZE3XRSDDCML5TIR":"/Documents/UTM Use case/UTM Yield Data.xlsx","operationMetadataId":"4b41ecdc-78f2-4967-b435-20bd9b05ff10","tableId":"{7915B4DD-3853-4632-A7BD-86DF74263E4C}"},"type":"OpenApiConnection","inputs":{"host":{"apiId":"/providers/Microsoft.PowerApps/apis/shared_excelonlinebusiness","connectionName":"shared_excelonlinebusiness_1","operationId":"PatchItem"},"parameters":{"source":"me","drive":"b!HKU7pRdB4EeZLQSFNNnhGYtU1JEzuBpDvZciNghAmQizSNh9kQEnSae1AkPgSoP9","file":"/MANN/UTM/UTM Yield Data.xlsx","table":"{7915B4DD-3853-4632-A7BD-86DF74263E4C}","idColumn":"ID","id":"@items('Apply_to_each')?['number']","item/Lead Route":"Access Already Present"},"authentication":"@parameters('$authentication')"}}}},"expression":{"equals":["@length(outputs('Check_group_membership_(V2)_5')?['body/value'])",0]},"metadata":{"operationMetadataId":"ac7001af-db84-46e9-8846-08c05fc2abbb"},"type":"If"}},"runAfter":{"Condition_6":["Succeeded","Failed","TimedOut"]},"expression":{"equals":["@outputs('Lead_Route_Configuration')","true"]},"metadata":{"operationMetadataId":"f97949b4-169c-4222-8bdc-c114dd1879d9"},"type":"If"},"Condition_6":{"actions":{"Check_group_membership_(V2)_4":{"runAfter":{},"metadata":{"operationMetadataId":"627aa532-cf3d-4093-9138-164e79d649c4"},"type":"OpenApiConnection","inputs":{"host":{"apiId":"/providers/Microsoft.PowerApps/apis/shared_azuread","connectionName":"shared_azuread_1","operationId":"CheckMemberGroupsV2"},"parameters":{"id":"@outputs('Get_user_profile_(V2)')?['body/id']","body/groupIds":["e71b4777-40d0-4179-9a4f-b72de670a9c8"]},"authentication":"@parameters('$authentication')"}},"If_access_available_4":{"actions":{"Week_Control_Panel_Group":{"runAfter":{},"metadata":{"operationMetadataId":"d3a63a04-5ef5-4bf6-bead-5ae29b9ee03d"},"type":"OpenApiConnection","inputs":{"host":{"apiId":"/providers/Microsoft.PowerApps/apis/shared_azuread","connectionName":"shared_azuread_1","operationId":"AddUserToGroup"},"parameters":{"id":"e71b4777-40d0-4179-9a4f-b72de670a9c8","body/@odata.id":"@outputs('Get_user_profile_(V2)')?['body/id']"},"authentication":"@parameters('$authentication')"}},"Update_a_row_7":{"runAfter":{"Week_Control_Panel_Group":["Succeeded"]},"metadata":{"01GXQQGFB3GP3VCSLAIZE3XRSDDCML5TIR":"/Documents/UTM Use case/UTM Yield Data.xlsx","operationMetadataId":"e410cb85-3fa0-443e-93fa-2383f244f9f4","tableId":"{7915B4DD-3853-4632-A7BD-86DF74263E4C}"},"type":"OpenApiConnection","inputs":{"host":{"apiId":"/providers/Microsoft.PowerApps/apis/shared_excelonlinebusiness","connectionName":"shared_excelonlinebusiness_1","operationId":"PatchItem"},"parameters":{"source":"me","drive":"b!HKU7pRdB4EeZLQSFNNnhGYtU1JEzuBpDvZciNghAmQizSNh9kQEnSae1AkPgSoP9","file":"/MANN/UTM/UTM Yield Data.xlsx","table":"{7915B4DD-3853-4632-A7BD-86DF74263E4C}","idColumn":"ID","id":"@items('Apply_to_each')?['number']","item/Week Control":"Access Granted"},"authentication":"@parameters('$authentication')"}}},"runAfter":{"Check_group_membership_(V2)_4":["Succeeded"]},"else":{"actions":{"Send_an_email_(V2)_7":{"runAfter":{},"metadata":{"operationMetadataId":"fb414fda-0c0f-45d5-84b3-fcb7c14d22d1"},"type":"OpenApiConnection","inputs":{"host":{"apiId":"/providers/Microsoft.PowerApps/apis/shared_office365","connectionName":"shared_office365_1","operationId":"SendEmailV2"},"parameters":{"emailMessage/To":"@outputs('Get_user_profile_(V2)')?['body/mail']","emailMessage/Subject":"Access Already Present!","emailMessage/Body":"<p><strong>User id:</strong>@{outputs('Email')}<br>\nAccess for <strong>Week Control Panel</strong> already present!</p>","emailMessage/Importance":"Normal"},"authentication":"@parameters('$authentication')"}},"Update_a_row_8":{"runAfter":{"Send_an_email_(V2)_7":["Succeeded"]},"metadata":{"01GXQQGFB3GP3VCSLAIZE3XRSDDCML5TIR":"/Documents/UTM Use case/UTM Yield Data.xlsx","operationMetadataId":"8797bd64-1f4c-4a85-97f7-c51c123a8610","tableId":"{7915B4DD-3853-4632-A7BD-86DF74263E4C}"},"type":"OpenApiConnection","inputs":{"host":{"apiId":"/providers/Microsoft.PowerApps/apis/shared_excelonlinebusiness","connectionName":"shared_excelonlinebusiness_1","operationId":"PatchItem"},"parameters":{"source":"me","drive":"b!HKU7pRdB4EeZLQSFNNnhGYtU1JEzuBpDvZciNghAmQizSNh9kQEnSae1AkPgSoP9","file":"/MANN/UTM/UTM Yield Data.xlsx","table":"{7915B4DD-3853-4632-A7BD-86DF74263E4C}","idColumn":"ID","id":"@items('Apply_to_each')?['number']","item/Week Control":"Access Already Present"},"authentication":"@parameters('$authentication')"}}}},"expression":{"equals":["@length(outputs('Check_group_membership_(V2)_4')?['body/value'])",0]},"metadata":{"operationMetadataId":"05707134-65c9-4c48-bcca-94e786ef57d8"},"type":"If"}},"runAfter":{"Condition_5":["Succeeded","Failed","TimedOut"]},"expression":{"equals":["@outputs('Week_Control_Panel')","true"]},"metadata":{"operationMetadataId":"f97949b4-169c-4222-8bdc-c114dd1879d9"},"type":"If"},"Condition_5":{"actions":{"Check_group_membership_(V2)_3":{"runAfter":{},"metadata":{"operationMetadataId":"e22866b4-0d0b-47de-bcec-b43bbefab89d"},"type":"OpenApiConnection","inputs":{"host":{"apiId":"/providers/Microsoft.PowerApps/apis/shared_azuread","connectionName":"shared_azuread_1","operationId":"CheckMemberGroupsV2"},"parameters":{"id":"@outputs('Get_user_profile_(V2)')?['body/id']","body/groupIds":["92a852b5-233f-4f82-9626-199410806f72"]},"authentication":"@parameters('$authentication')"}},"If_access_available_3":{"actions":{"Reference_Yield_Settings_Group":{"runAfter":{},"metadata":{"operationMetadataId":"d3a63a04-5ef5-4bf6-bead-5ae29b9ee03d"},"type":"OpenApiConnection","inputs":{"host":{"apiId":"/providers/Microsoft.PowerApps/apis/shared_azuread","connectionName":"shared_azuread_1","operationId":"AddUserToGroup"},"parameters":{"id":"92a852b5-233f-4f82-9626-199410806f72","body/@odata.id":"@outputs('Get_user_profile_(V2)')?['body/id']"},"authentication":"@parameters('$authentication')"}},"Update_a_row_5":{"runAfter":{"Reference_Yield_Settings_Group":["Succeeded"]},"metadata":{"01GXQQGFB3GP3VCSLAIZE3XRSDDCML5TIR":"/Documents/UTM Use case/UTM Yield Data.xlsx","operationMetadataId":"d1555477-a7e2-48c3-932d-871931384d5c","tableId":"{7915B4DD-3853-4632-A7BD-86DF74263E4C}"},"type":"OpenApiConnection","inputs":{"host":{"apiId":"/providers/Microsoft.PowerApps/apis/shared_excelonlinebusiness","connectionName":"shared_excelonlinebusiness_1","operationId":"PatchItem"},"parameters":{"source":"me","drive":"b!HKU7pRdB4EeZLQSFNNnhGYtU1JEzuBpDvZciNghAmQizSNh9kQEnSae1AkPgSoP9","file":"/MANN/UTM/UTM Yield Data.xlsx","table":"{7915B4DD-3853-4632-A7BD-86DF74263E4C}","idColumn":"ID","id":"@items('Apply_to_each')?['number']","item/Reference Yield":"Access Granted"},"authentication":"@parameters('$authentication')"}}},"runAfter":{"Check_group_membership_(V2)_3":["Succeeded"]},"else":{"actions":{"Send_an_email_(V2)_6":{"runAfter":{},"metadata":{"operationMetadataId":"3a1d4df0-7e9e-4a11-afb4-28b0a6d7d9df"},"type":"OpenApiConnection","inputs":{"host":{"apiId":"/providers/Microsoft.PowerApps/apis/shared_office365","connectionName":"shared_office365_1","operationId":"SendEmailV2"},"parameters":{"emailMessage/To":"@outputs('Get_user_profile_(V2)')?['body/mail']","emailMessage/Subject":"Access Already Present!","emailMessage/Body":"<p><strong>User id:</strong> @{outputs('Email')}<br>\nAccess for <strong>Reference Yield Settings</strong> already present!</p>","emailMessage/Importance":"Normal"},"authentication":"@parameters('$authentication')"}},"Update_a_row_6":{"runAfter":{"Send_an_email_(V2)_6":["Succeeded"]},"metadata":{"01GXQQGFB3GP3VCSLAIZE3XRSDDCML5TIR":"/Documents/UTM Use case/UTM Yield Data.xlsx","operationMetadataId":"944cfe8e-91a0-42b1-a9d1-f602153dc98e","tableId":"{7915B4DD-3853-4632-A7BD-86DF74263E4C}"},"type":"OpenApiConnection","inputs":{"host":{"apiId":"/providers/Microsoft.PowerApps/apis/shared_excelonlinebusiness","connectionName":"shared_excelonlinebusiness_1","operationId":"PatchItem"},"parameters":{"source":"me","drive":"b!HKU7pRdB4EeZLQSFNNnhGYtU1JEzuBpDvZciNghAmQizSNh9kQEnSae1AkPgSoP9","file":"/MANN/UTM/UTM Yield Data.xlsx","table":"{7915B4DD-3853-4632-A7BD-86DF74263E4C}","idColumn":"ID","id":"@items('Apply_to_each')?['number']","item/Reference Yield":"Access Already Present"},"authentication":"@parameters('$authentication')"}}}},"expression":{"equals":["@length(outputs('Check_group_membership_(V2)_3')?['body/value'])",0]},"metadata":{"operationMetadataId":"bdc57713-18c9-4a04-accc-22f312067aec"},"type":"If"}},"runAfter":{"Condition_4":["Succeeded","Failed","TimedOut"]},"expression":{"equals":["@outputs('Reference_Yield_Settings')","true"]},"metadata":{"operationMetadataId":"f97949b4-169c-4222-8bdc-c114dd1879d9"},"type":"If"},"Condition_4":{"actions":{"Check_group_membership_(V2)_2":{"runAfter":{},"metadata":{"operationMetadataId":"f0f6ed71-31e4-44a5-8bfb-f737b690f91b"},"type":"OpenApiConnection","inputs":{"host":{"apiId":"/providers/Microsoft.PowerApps/apis/shared_azuread","connectionName":"shared_azuread_1","operationId":"CheckMemberGroupsV2"},"parameters":{"id":"@outputs('Get_user_profile_(V2)')?['body/id']","body/groupIds":["7ee9954f-d5e7-47de-a59e-c1e0a78dd19b"]},"authentication":"@parameters('$authentication')"}},"If_access_available_2":{"actions":{"Single_Vessel_Steering_Group":{"runAfter":{},"metadata":{"operationMetadataId":"d3a63a04-5ef5-4bf6-bead-5ae29b9ee03d"},"type":"OpenApiConnection","inputs":{"host":{"apiId":"/providers/Microsoft.PowerApps/apis/shared_azuread","connectionName":"shared_azuread_1","operationId":"AddUserToGroup"},"parameters":{"id":"7ee9954f-d5e7-47de-a59e-c1e0a78dd19b","body/@odata.id":"@outputs('Get_user_profile_(V2)')?['body/id']"},"authentication":"@parameters('$authentication')"}},"Update_a_row_3":{"runAfter":{"Single_Vessel_Steering_Group":["Succeeded"]},"metadata":{"01GXQQGFB3GP3VCSLAIZE3XRSDDCML5TIR":"/Documents/UTM Use case/UTM Yield Data.xlsx","operationMetadataId":"438dc2fd-4fd4-49c8-a464-6f9521c12ee4","tableId":"{7915B4DD-3853-4632-A7BD-86DF74263E4C}"},"type":"OpenApiConnection","inputs":{"host":{"apiId":"/providers/Microsoft.PowerApps/apis/shared_excelonlinebusiness","connectionName":"shared_excelonlinebusiness_1","operationId":"PatchItem"},"parameters":{"source":"me","drive":"b!HKU7pRdB4EeZLQSFNNnhGYtU1JEzuBpDvZciNghAmQizSNh9kQEnSae1AkPgSoP9","file":"/MANN/UTM/UTM Yield Data.xlsx","table":"{7915B4DD-3853-4632-A7BD-86DF74263E4C}","idColumn":"ID","id":"@items('Apply_to_each')?['number']","item/Single Vessel Steering":"Access Granted"},"authentication":"@parameters('$authentication')"}}},"runAfter":{"Check_group_membership_(V2)_2":["Succeeded"]},"else":{"actions":{"Send_an_email_(V2)_5":{"runAfter":{},"metadata":{"operationMetadataId":"1d218f85-7d09-4866-a460-f4a333dfbc90"},"type":"OpenApiConnection","inputs":{"host":{"apiId":"/providers/Microsoft.PowerApps/apis/shared_office365","connectionName":"shared_office365_1","operationId":"SendEmailV2"},"parameters":{"emailMessage/To":"@outputs('Get_user_profile_(V2)')?['body/mail']","emailMessage/Subject":"Access Already Present!","emailMessage/Body":"<p><strong>User id:</strong> @{outputs('Email')}<br>\nAccess for <strong>Single Vessel Steering</strong> already present!</p>","emailMessage/Importance":"Normal"},"authentication":"@parameters('$authentication')"}},"Update_a_row_4":{"runAfter":{"Send_an_email_(V2)_5":["Succeeded"]},"metadata":{"01GXQQGFB3GP3VCSLAIZE3XRSDDCML5TIR":"/Documents/UTM Use case/UTM Yield Data.xlsx","operationMetadataId":"ab7590aa-e8cb-4fbf-bb6e-4a791e02929b","tableId":"{7915B4DD-3853-4632-A7BD-86DF74263E4C}"},"type":"OpenApiConnection","inputs":{"host":{"apiId":"/providers/Microsoft.PowerApps/apis/shared_excelonlinebusiness","connectionName":"shared_excelonlinebusiness_1","operationId":"PatchItem"},"parameters":{"source":"me","drive":"b!HKU7pRdB4EeZLQSFNNnhGYtU1JEzuBpDvZciNghAmQizSNh9kQEnSae1AkPgSoP9","file":"/MANN/UTM/UTM Yield Data.xlsx","table":"{7915B4DD-3853-4632-A7BD-86DF74263E4C}","idColumn":"ID","id":"@items('Apply_to_each')?['number']","item/Single Vessel Steering":"Access Already Present"},"authentication":"@parameters('$authentication')"}}}},"expression":{"equals":["@length(outputs('Check_group_membership_(V2)_2')?['body/value'])",0]},"metadata":{"operationMetadataId":"a185582d-ed63-4ae9-ae6d-23eec60aa015"},"type":"If"}},"runAfter":{"Condition_3":["Succeeded"]},"expression":{"equals":["@outputs('Single_Vessel_Steering')","true"]},"metadata":{"operationMetadataId":"f97949b4-169c-4222-8bdc-c114dd1879d9"},"type":"If"},"Condition_3":{"actions":{"Check_group_membership_(V2)":{"runAfter":{},"metadata":{"operationMetadataId":"91f394dd-e2c6-46c6-9220-183cef8c5d65"},"type":"OpenApiConnection","inputs":{"host":{"apiId":"/providers/Microsoft.PowerApps/apis/shared_azuread","connectionName":"shared_azuread_1","operationId":"CheckMemberGroupsV2"},"parameters":{"id":"@outputs('Get_user_profile_(V2)')?['body/id']","body/groupIds":["cec01720-703b-4814-9a49-11347d44edd5"]},"authentication":"@parameters('$authentication')"}},"If_access_available":{"actions":{"Default_Steering_Settings_Group":{"runAfter":{},"metadata":{"operationMetadataId":"d3a63a04-5ef5-4bf6-bead-5ae29b9ee03d"},"type":"OpenApiConnection","inputs":{"host":{"apiId":"/providers/Microsoft.PowerApps/apis/shared_azuread","connectionName":"shared_azuread_1","operationId":"AddUserToGroup"},"parameters":{"id":"cec01720-703b-4814-9a49-11347d44edd5","body/@odata.id":"@outputs('Get_user_profile_(V2)')?['body/id']"},"authentication":"@parameters('$authentication')"}},"Update_a_row":{"runAfter":{"Default_Steering_Settings_Group":["Succeeded"]},"metadata":{"01GXQQGFB3GP3VCSLAIZE3XRSDDCML5TIR":"/Documents/UTM Use case/UTM Yield Data.xlsx","operationMetadataId":"8f8fbe45-719c-46c0-b442-0c0a8b6c08b9","tableId":"{7915B4DD-3853-4632-A7BD-86DF74263E4C}","013HANUD2LSO4TSS6SKJAJ4BPLGRWEHT2O":"/MANN/UTM/UTM Yield Data.xlsx"},"type":"OpenApiConnection","inputs":{"host":{"apiId":"/providers/Microsoft.PowerApps/apis/shared_excelonlinebusiness","connectionName":"shared_excelonlinebusiness_1","operationId":"PatchItem"},"parameters":{"source":"me","drive":"b!HKU7pRdB4EeZLQSFNNnhGYtU1JEzuBpDvZciNghAmQizSNh9kQEnSae1AkPgSoP9","file":"013HANUD2LSO4TSS6SKJAJ4BPLGRWEHT2O","table":"{7915B4DD-3853-4632-A7BD-86DF74263E4C}","idColumn":"ID","id":"@items('Apply_to_each')?['number']","item/Default Steering":"Access Granted"},"authentication":"@parameters('$authentication')"}}},"runAfter":{"Check_group_membership_(V2)":["Succeeded"]},"else":{"actions":{"Send_an_email_(V2)_4":{"runAfter":{},"metadata":{"operationMetadataId":"c4aec7dd-3217-4646-96e3-5f8c6b1f9191"},"type":"OpenApiConnection","inputs":{"host":{"apiId":"/providers/Microsoft.PowerApps/apis/shared_office365","connectionName":"shared_office365_1","operationId":"SendEmailV2"},"parameters":{"emailMessage/To":"@outputs('Get_user_profile_(V2)')?['body/mail']","emailMessage/Subject":"Access Already Present!","emailMessage/Body":"<p><strong>User id: </strong><strong>@{outputs('Email')}</strong><strong></strong><br>\nAccess for <strong>Default Steering Settings</strong> already present!</p>","emailMessage/Importance":"Normal"},"authentication":"@parameters('$authentication')"}},"Update_a_row_2":{"runAfter":{"Send_an_email_(V2)_4":["Succeeded"]},"metadata":{"01GXQQGFB3GP3VCSLAIZE3XRSDDCML5TIR":"/Documents/UTM Use case/UTM Yield Data.xlsx","operationMetadataId":"264e2730-6ed7-4233-b47b-e16bb3d6039b","tableId":"{7915B4DD-3853-4632-A7BD-86DF74263E4C}"},"type":"OpenApiConnection","inputs":{"host":{"apiId":"/providers/Microsoft.PowerApps/apis/shared_excelonlinebusiness","connectionName":"shared_excelonlinebusiness_1","operationId":"PatchItem"},"parameters":{"source":"me","drive":"b!HKU7pRdB4EeZLQSFNNnhGYtU1JEzuBpDvZciNghAmQizSNh9kQEnSae1AkPgSoP9","file":"/MANN/UTM/UTM Yield Data.xlsx","table":"{7915B4DD-3853-4632-A7BD-86DF74263E4C}","idColumn":"ID","id":"@items('Apply_to_each')?['number']","item/Default Steering":"Access Already Present"},"authentication":"@parameters('$authentication')"}}}},"expression":{"equals":["@length(outputs('Check_group_membership_(V2)')?['body/value'])",0]},"metadata":{"operationMetadataId":"85d72db2-9040-4ada-a001-64411f5a2f03"},"type":"If"}},"runAfter":{},"expression":{"equals":["@outputs('Default_Steering_Settings')","true"]},"metadata":{"operationMetadataId":"f97949b4-169c-4222-8bdc-c114dd1879d9"},"type":"If"},"Update_Record":{"runAfter":{"Condition_9":["Succeeded","Failed","TimedOut","Skipped"]},"metadata":{"operationMetadataId":"3a920106-c45b-4475-911d-776f728ece53"},"type":"OpenApiConnection","inputs":{"host":{"apiId":"/providers/Microsoft.PowerApps/apis/shared_service-now","connectionName":"shared_service-now_1","operationId":"UpdateRecord"},"parameters":{"tableType":"sc_req_item","sysid":"@items('Apply_to_each')?['sys_id']","sysparm_display_value":false,"sysparm_exclude_reference_link":true,"body/state":"6","body/assigned_to":"Tech Support","body/comments":"Please check your access was processed for UTM UI, verify the below link.\nhttps://yield-validation-decision-ui.maersk-digital.net/\nIn case you are facing any issue while accessing the page please reach out to Anil Chougule or Ariel Lanaria."},"authentication":"@parameters('$authentication')"}},"Post_message_in_a_chat_or_channel":{"runAfter":{"Update_Record":["Succeeded"]},"metadata":{"operationMetadataId":"677ec731-66dd-4413-9c64-ab79bb4a9eba"},"type":"OpenApiConnection","inputs":{"host":{"apiId":"/providers/Microsoft.PowerApps/apis/shared_teams","connectionName":"shared_teams_1","operationId":"PostMessageToConversation"},"parameters":{"poster":"Flow bot","location":"Chat with Flow bot","body/recipient":"@{outputs('Get_user_profile_(V2)')?['body/mail']};","body/messageBody":"<p>Hi @{outputs('Get_user_profile_(V2)')?['body/displayName']},<br>\n<br>\n<br>\nPlease check your access was processed for UTM UI, verify the below link.<br>\n<a href=\"https://yield-validation-decision-ui.maersk-digital.net/\">https://yield-validation-decision-ui.maersk-digital.net/</a><br>\nIn case you are facing any issue while accessing the page please reach out to Anil Chougule or Ariel Lanaria.<br>\n<br>\nRegards</p>","body/isAlert":true},"authentication":"@parameters('$authentication')"}},"Send_an_email_(V2)_11":{"runAfter":{"Get_a_row":["Succeeded"]},"metadata":{"operationMetadataId":"dae362cd-2677-4f47-862d-1c32eabcfcc6"},"type":"OpenApiConnection","inputs":{"host":{"apiId":"/providers/Microsoft.PowerApps/apis/shared_office365","connectionName":"shared_office365_1","operationId":"SendEmailV2"},"parameters":{"emailMessage/To":"qing.wei.cai@lns.maersk.com","emailMessage/Subject":"Req:@{outputs('Get_a_row')?['body/ID']} Closed ","emailMessage/Body":"<p>Request ticket:@{outputs('Get_a_row')?['body/ID']}<br>\nThis was successfully closed upon granting of access to the user.<br>\n<br>\n</p>","emailMessage/Importance":"Normal"},"authentication":"@parameters('$authentication')"}},"Update_a_row_15":{"runAfter":{"Send_an_email_(V2)_11":["Succeeded"]},"metadata":{"01GXQQGFB3GP3VCSLAIZE3XRSDDCML5TIR":"/Documents/UTM Use case/UTM Yield Data.xlsx","operationMetadataId":"7bf997f7-51ce-4929-9228-f57a3c3ab59c","tableId":"{7915B4DD-3853-4632-A7BD-86DF74263E4C}"},"type":"OpenApiConnection","inputs":{"host":{"apiId":"/providers/Microsoft.PowerApps/apis/shared_excelonlinebusiness","connectionName":"shared_excelonlinebusiness_1","operationId":"PatchItem"},"parameters":{"source":"me","drive":"b!HKU7pRdB4EeZLQSFNNnhGYtU1JEzuBpDvZciNghAmQizSNh9kQEnSae1AkPgSoP9","file":"/MANN/UTM/UTM Yield Data.xlsx","table":"{7915B4DD-3853-4632-A7BD-86DF74263E4C}","idColumn":"ID","id":"@items('Apply_to_each')?['number']","item/State":"@outputs('Update_Record')?['body/result/state']","item/Updated on":"@formatDateTime(utcNow(), 'dd-MM-yyyy HH:mm:ss')"},"authentication":"@parameters('$authentication')"}},"Get_a_row":{"runAfter":{"Post_message_in_a_chat_or_channel":["Succeeded"]},"metadata":{"operationMetadataId":"2ac82ca6-2e42-4bff-bc30-074137ba19cd"},"type":"OpenApiConnection","inputs":{"host":{"apiId":"/providers/Microsoft.PowerApps/apis/shared_excelonlinebusiness","connectionName":"shared_excelonlinebusiness","operationId":"GetItem"},"parameters":{"source":"me","drive":"b!HKU7pRdB4EeZLQSFNNnhGYtU1JEzuBpDvZciNghAmQizSNh9kQEnSae1AkPgSoP9","file":"/MANN/UTM/UTM Yield Data.xlsx","table":"{7915B4DD-3853-4632-A7BD-86DF74263E4C}","idColumn":"ID","id":"@items('Apply_to_each')?['number']"},"authentication":"@parameters('$authentication')"}}},"runAfter":{"Condition_11":["Succeeded","Failed"]},"else":{"actions":{"Is_Request_Rejected":{"actions":{"Update_a_row_16":{"runAfter":{},"metadata":{"01GXQQGFB3GP3VCSLAIZE3XRSDDCML5TIR":"/Documents/UTM Use case/UTM Yield Data.xlsx","operationMetadataId":"d6f1a2ff-93a5-45c4-9e93-ac00e92db163","tableId":"{7915B4DD-3853-4632-A7BD-86DF74263E4C}"},"type":"OpenApiConnection","inputs":{"host":{"apiId":"/providers/Microsoft.PowerApps/apis/shared_excelonlinebusiness","connectionName":"shared_excelonlinebusiness_1","operationId":"PatchItem"},"parameters":{"source":"me","drive":"b!HKU7pRdB4EeZLQSFNNnhGYtU1JEzuBpDvZciNghAmQizSNh9kQEnSae1AkPgSoP9","file":"/MANN/UTM/UTM Yield Data.xlsx","table":"{7915B4DD-3853-4632-A7BD-86DF74263E4C}","idColumn":"ID","id":"@items('Apply_to_each')?['number']","item/Approval":"Rejected","item/State":"Closed Incomplete","item/Updated on":"@formatDateTime(utcNow(), 'dd-MM-yyyy HH:mm:ss')"},"authentication":"@parameters('$authentication')"}}},"runAfter":{},"else":{"actions":{"Switch":{"runAfter":{},"cases":{"Case":{"case":1,"actions":{"Condition":{"actions":{},"runAfter":{},"else":{"actions":{"Send_an_email_(V2)":{"runAfter":{},"metadata":{"operationMetadataId":"46066467-64d3-464e-875d-9c64f18e78b5"},"type":"OpenApiConnection","inputs":{"host":{"apiId":"/providers/Microsoft.PowerApps/apis/shared_office365","connectionName":"shared_office365_1","operationId":"SendEmailV2"},"parameters":{"emailMessage/To":"@outputs('Get_user_profile_(V2)')?['body/mail']","emailMessage/Subject":"Waiting for Approval","emailMessage/Body":"<p>We are waiting for approval from FPO, once approval received access will be processed.</p>","emailMessage/Importance":"Normal"},"authentication":"@parameters('$authentication')"}},"Update_Record_2":{"runAfter":{"Send_an_email_(V2)":["Succeeded"]},"metadata":{"operationMetadataId":"fd0edb16-6ddb-468f-941a-e4f3239f0244"},"type":"OpenApiConnection","inputs":{"host":{"apiId":"/providers/Microsoft.PowerApps/apis/shared_service-now","connectionName":"shared_service-now_1","operationId":"UpdateRecord"},"parameters":{"tableType":"sc_req_item","sysid":"@items('Apply_to_each')?['sys_id']","sysparm_display_value":false,"sysparm_exclude_reference_link":true,"body/comments":"We are waiting for approval from FPO, once approval received access will be processed."},"authentication":"@parameters('$authentication')"}},"Update_a_row_17":{"runAfter":{"Update_Record_2":["Succeeded"]},"metadata":{"01GXQQGFB3GP3VCSLAIZE3XRSDDCML5TIR":"/Documents/UTM Use case/UTM Yield Data.xlsx","operationMetadataId":"60c5a117-6bfd-4e0a-b2c7-88a602244863","tableId":"{7915B4DD-3853-4632-A7BD-86DF74263E4C}"},"type":"OpenApiConnection","inputs":{"host":{"apiId":"/providers/Microsoft.PowerApps/apis/shared_excelonlinebusiness","connectionName":"shared_excelonlinebusiness_1","operationId":"PatchItem"},"parameters":{"source":"me","drive":"b!HKU7pRdB4EeZLQSFNNnhGYtU1JEzuBpDvZciNghAmQizSNh9kQEnSae1AkPgSoP9","file":"/MANN/UTM/UTM Yield Data.xlsx","table":"{7915B4DD-3853-4632-A7BD-86DF74263E4C}","idColumn":"ID","id":"@items('Apply_to_each')?['number']","item/Reminder 1 ":"Sent","item/Updated on":"@formatDateTime(utcNow(), 'dd-MM-yyyy HH:mm:ss')"},"authentication":"@parameters('$authentication')"}}}},"expression":{"contains":["@items('Apply_to_each')?['comments']","We are waiting for approval from FPO, once approval received access will be processed."]},"metadata":{"operationMetadataId":"4e80aa4b-85e8-4440-9af2-9448ede458c4"},"type":"If"}}},"Case_2":{"case":2,"actions":{"Condition_2":{"actions":{},"runAfter":{},"else":{"actions":{"Send_an_email_(V2)_2":{"runAfter":{},"metadata":{"operationMetadataId":"587b288a-df27-42b4-af21-6b49b324aee2"},"type":"OpenApiConnection","inputs":{"host":{"apiId":"/providers/Microsoft.PowerApps/apis/shared_office365","connectionName":"shared_office365_1","operationId":"SendEmailV2"},"parameters":{"emailMessage/To":"@outputs('Get_user_profile_(V2)')?['body/mail']","emailMessage/Subject":"Waiting for Approval","emailMessage/Body":"<p>We are waiting for approval from FPO, if approval received within next 24hrs then access will be processed else ticket will be closed.</p>","emailMessage/Importance":"Normal"},"authentication":"@parameters('$authentication')"}},"Update_Record_3":{"runAfter":{"Send_an_email_(V2)_2":["Succeeded"]},"metadata":{"operationMetadataId":"1fabd1d6-21f0-41bd-8e8e-a31f0a2f867e"},"type":"OpenApiConnection","inputs":{"host":{"apiId":"/providers/Microsoft.PowerApps/apis/shared_service-now","connectionName":"shared_service-now_1","operationId":"UpdateRecord"},"parameters":{"tableType":"sc_req_item","sysid":"@items('Apply_to_each')?['sys_id']","sysparm_display_value":false,"sysparm_exclude_reference_link":true,"body/comments":"We are waiting for approval from FPO, if approval received within next 24hrs then access will be processed else ticket will be closed."},"authentication":"@parameters('$authentication')"}},"Update_a_row_18":{"runAfter":{"Update_Record_3":["Succeeded"]},"metadata":{"01GXQQGFB3GP3VCSLAIZE3XRSDDCML5TIR":"/Documents/UTM Use case/UTM Yield Data.xlsx","operationMetadataId":"4a1ac1d5-0e9f-45ae-8190-12c55d038550","tableId":"{7915B4DD-3853-4632-A7BD-86DF74263E4C}"},"type":"OpenApiConnection","inputs":{"host":{"apiId":"/providers/Microsoft.PowerApps/apis/shared_excelonlinebusiness","connectionName":"shared_excelonlinebusiness_1","operationId":"PatchItem"},"parameters":{"source":"me","drive":"b!HKU7pRdB4EeZLQSFNNnhGYtU1JEzuBpDvZciNghAmQizSNh9kQEnSae1AkPgSoP9","file":"/MANN/UTM/UTM Yield Data.xlsx","table":"{7915B4DD-3853-4632-A7BD-86DF74263E4C}","idColumn":"ID","id":"@items('Apply_to_each')?['number']","item/Reminder 2 ":"Sent","item/Updated on":"@formatDateTime(utcNow(), 'dd-MM-yyyy HH:mm:ss')"},"authentication":"@parameters('$authentication')"}}}},"expression":{"contains":["@items('Apply_to_each')?['comments']","We are waiting for approval from FPO, if approval received within next 24hrs then access will be processed else ticket will be closed."]},"metadata":{"operationMetadataId":"c6c9def8-d972-4c70-bc34-9745476e8b62"},"type":"If"}}},"Case_3":{"case":3,"actions":{"Condition_10":{"actions":{},"runAfter":{},"else":{"actions":{"Send_an_email_(V2)_3":{"runAfter":{},"metadata":{"operationMetadataId":"16c8b7b4-0d45-46c6-917c-66b5e05750a8"},"type":"OpenApiConnection","inputs":{"host":{"apiId":"/providers/Microsoft.PowerApps/apis/shared_office365","connectionName":"shared_office365_1","operationId":"SendEmailV2"},"parameters":{"emailMessage/To":"@outputs('Get_user_profile_(V2)')?['body/mail']","emailMessage/Subject":"Approval not Recieved","emailMessage/Body":"<p>We have not received approval closing the request.</p>","emailMessage/Importance":"Normal"},"authentication":"@parameters('$authentication')"}},"Update_Record_4":{"runAfter":{"Send_an_email_(V2)_3":["Succeeded"]},"metadata":{"operationMetadataId":"b752e3cf-e7ee-45da-94e8-93010052350f"},"type":"OpenApiConnection","inputs":{"host":{"apiId":"/providers/Microsoft.PowerApps/apis/shared_service-now","connectionName":"shared_service-now_1","operationId":"UpdateRecord"},"parameters":{"tableType":"sc_req_item","sysid":"@items('Apply_to_each')?['sys_id']","sysparm_display_value":false,"sysparm_exclude_reference_link":true,"body/state":"4","body/assigned_to":"Tech Support","body/comments":"We have not received approval closing the request."},"authentication":"@parameters('$authentication')"}},"Update_a_row_19":{"runAfter":{"Update_Record_4":["Succeeded"]},"metadata":{"01GXQQGFB3GP3VCSLAIZE3XRSDDCML5TIR":"/Documents/UTM Use case/UTM Yield Data.xlsx","operationMetadataId":"4cdac99c-dac8-4fbf-af8f-593d482674c6","tableId":"{7915B4DD-3853-4632-A7BD-86DF74263E4C}"},"type":"OpenApiConnection","inputs":{"host":{"apiId":"/providers/Microsoft.PowerApps/apis/shared_excelonlinebusiness","connectionName":"shared_excelonlinebusiness_1","operationId":"PatchItem"},"parameters":{"source":"me","drive":"b!HKU7pRdB4EeZLQSFNNnhGYtU1JEzuBpDvZciNghAmQizSNh9kQEnSae1AkPgSoP9","file":"/MANN/UTM/UTM Yield Data.xlsx","table":"{7915B4DD-3853-4632-A7BD-86DF74263E4C}","idColumn":"ID","id":"@items('Apply_to_each')?['number']","item/State":"@outputs('Update_Record_4')?['body/result/state']","item/Reminder 3":"Sent","item/Updated on":"@formatDateTime(utcNow(), 'dd-MM-yyyy HH:mm:ss')"},"authentication":"@parameters('$authentication')"}}}},"expression":{"contains":["@items('Apply_to_each')?['comments']","We have not received approval closing the request."]},"metadata":{"operationMetadataId":"334f6b15-ee90-4cda-9ea4-9b7cf8f3ffbb"},"type":"If"}}}},"default":{"actions":{}},"expression":"@int(div(outputs('Diff_PlannedTime_CurrTime'), 24))","metadata":{"operationMetadataId":"2e2e1bdb-6bbd-48dd-9fd3-6086805ad463"},"type":"Switch"}}},"expression":{"and":[{"equals":["@outputs('Approval')","rejected"]},{"contains":["@outputs('Type_of_Request')","Production"]}]},"metadata":{"operationMetadataId":"8647c594-fff0-44ad-9e7b-72bb4b86ae87"},"type":"If"}}},"expression":{"and":[{"equals":["@toLower(outputs('Approval'))","approved"]},{"contains":["@outputs('Type_of_Request')","Production"]}]},"metadata":{"operationMetadataId":"6c3b07fa-1edb-4b13-b281-1fb2352635ad"},"type":"If"},"Get_user_profile_(V2)":{"runAfter":{"Email":["Succeeded"]},"metadata":{"operationMetadataId":"163f6151-7840-478c-a51b-8a6e037779f3"},"type":"OpenApiConnection","inputs":{"host":{"apiId":"/providers/Microsoft.PowerApps/apis/shared_office365users","connectionName":"shared_office365users_1","operationId":"UserProfile_V2"},"parameters":{"id":"@outputs('Email')"},"authentication":"@parameters('$authentication')"}},"Compose":{"runAfter":{},"metadata":{"operationMetadataId":"2585c7fd-bc1b-44c6-835a-a24ba2fd3356"},"type":"Compose","inputs":"@formatDateTime(parseDateTime(items('Apply_to_each')?['sys_created_on'], 'en-GB', 'dd-MM-yyyy HH:mm:ss'), 'yyyy-MM-ddTHH:mm:ssZ', 'en-US')"},"Diff_PlannedTime_CurrTime":{"runAfter":{"Compose":["Succeeded"]},"metadata":{"operationMetadataId":"c28a3f0d-04e4-4cf2-a76f-68f806ab2c53"},"type":"Compose","inputs":"@div(sub(ticks(formatDateTime(convertTimeZone(utcNow(), 'UTC', 'GMT Standard Time'), 'yyyy-MM-ddTHH:mm:ssZ', 'en-US')), ticks(outputs('Compose'))), 36000000000)"},"Condition_11":{"actions":{},"runAfter":{"Readonly_This_will_grant_you_read_access_to_all_screens":["Succeeded"]},"else":{"actions":{"Add_a_row_into_a_table":{"runAfter":{},"metadata":{"01GXQQGFB3GP3VCSLAIZE3XRSDDCML5TIR":"/Documents/UTM Use case/UTM Yield Data.xlsx","operationMetadataId":"1412ad8c-c94e-45cf-9dc8-7344cc54937f","tableId":"{7915B4DD-3853-4632-A7BD-86DF74263E4C}","013HANUD2LSO4TSS6SKJAJ4BPLGRWEHT2O":"/MANN/UTM/UTM Yield Data.xlsx"},"type":"OpenApiConnection","inputs":{"host":{"apiId":"/providers/Microsoft.PowerApps/apis/shared_excelonlinebusiness","connectionName":"shared_excelonlinebusiness_1","operationId":"AddRowV2"},"parameters":{"source":"me","drive":"b!HKU7pRdB4EeZLQSFNNnhGYtU1JEzuBpDvZciNghAmQizSNh9kQEnSae1AkPgSoP9","file":"013HANUD2LSO4TSS6SKJAJ4BPLGRWEHT2O","table":"{7915B4DD-3853-4632-A7BD-86DF74263E4C}","item/ID":"@items('Apply_to_each')?['number']","item/Approval":"@outputs('Approval')","item/State":"@items('Apply_to_each')?['state']","item/Email":"@outputs('Email')","item/Created on":"@formatDateTime(utcNow(), 'dd-MM-yyyy HH:mm:ss')"},"authentication":"@parameters('$authentication')"}}}},"expression":{"contains":["@body('Select_2')","@items('Apply_to_each')?['number']"]},"metadata":{"operationMetadataId":"94ed43b9-d67a-4af0-86b0-072e70243d44"},"type":"If"}},"runAfter":{"Select_2":["Succeeded"]},"metadata":{"operationMetadataId":"851a0c45-dade-478b-81ba-a54c4b1766ec"},"type":"Foreach"}}},"connectionReferences":{"shared_service-now_1":{"connectionName":"c793663feabf48efbe4a668fa1a05e30","source":"Embedded","id":"/providers/Microsoft.PowerApps/apis/shared_service-now","tier":"NotSpecified"},"shared_excelonlinebusiness_1":{"connectionName":"shared-excelonlinebu-a86714fd-5a75-4fe5-a246-7a8cadbd6e4a","source":"Embedded","id":"/providers/Microsoft.PowerApps/apis/shared_excelonlinebusiness","tier":"NotSpecified"},"shared_azuread_1":{"connectionName":"shared-azuread-fd9f134c-acf3-4e29-b892-6d8196593455","source":"Embedded","id":"/providers/Microsoft.PowerApps/apis/shared_azuread","tier":"NotSpecified"},"shared_office365_1":{"connectionName":"shared-office365-e62e212a-4721-4b8c-9950-678262433d52","source":"Embedded","id":"/providers/Microsoft.PowerApps/apis/shared_office365","tier":"NotSpecified"},"shared_azuread":{"connectionName":"shared-azuread-51c4a988-16a5-4007-845a-50302f9f59d6","source":"Embedded","id":"/providers/Microsoft.PowerApps/apis/shared_azuread","tier":"NotSpecified"},"shared_teams_1":{"connectionName":"6406c9bea0d74e00960d0c354d6f6c93","source":"Embedded","id":"/providers/Microsoft.PowerApps/apis/shared_teams","tier":"NotSpecified"},"shared_office365users_1":{"connectionName":"b0447164226841a4be9ad8ffcc45f5bd","source":"Embedded","id":"/providers/Microsoft.PowerApps/apis/shared_office365users","tier":"NotSpecified"},"shared_excelonlinebusiness":{"connectionName":"shared-excelonlinebu-0a07022b-2e02-499e-9274-f980113e9cff","source":"Embedded","id":"/providers/Microsoft.PowerApps/apis/shared_excelonlinebusiness","tier":"NotSpecified"}},"flowFailureAlertSubscribed":false,"isManaged":false}}