{"name":"06d2ceae-f993-408d-b06f-0f438e9dfd03","id":"/providers/Microsoft.Flow/flows/06d2ceae-f993-408d-b06f-0f438e9dfd03","type":"Microsoft.Flow/flows","properties":{"apiId":"/providers/Microsoft.PowerApps/apis/shared_logicflows","displayName":"GAM AUTOMATION","definition":{"metadata":{"workflowEntityId":null,"processAdvisorMetadata":null,"flowChargedByPaygo":null,"flowclientsuspensionreason":"None","flowclientsuspensiontime":null,"flowclientsuspensionreasondetails":null,"creator":{"id":"e8104115-8f81-4120-a9e6-8e32c54151d1","type":"User","tenantId":"05d75c05-fa1a-42e7-9cf1-eb416c396f2d"},"provisioningMethod":"FromDefinition","failureAlertSubscription":true,"clientLastModifiedTime":"2024-04-10T12:54:35.7841342Z","connectionKeySavedTimeKey":"2024-04-10T12:54:35.7841342Z"},"$schema":"https://schema.management.azure.com/providers/Microsoft.Logic/schemas/2016-06-01/workflowdefinition.json#","contentVersion":"1.0.0.0","parameters":{"$connections":{"defaultValue":{},"type":"Object"},"$authentication":{"defaultValue":{},"type":"SecureObject"}},"triggers":{"Recurrence":{"recurrence":{"frequency":"Day","interval":1,"timeZone":"India Standard Time","schedule":{"hours":["11","18","21"],"minutes":[1]}},"metadata":{"operationMetadataId":"849c7d25-a34e-4de6-b8c2-c71c7b0bff46"},"type":"Recurrence"}},"actions":{"Apply_to_each":{"foreach":"@outputs('List_rows_present_in_a_table')?['body/value']","actions":{"Condition_6":{"actions":{"Condition":{"actions":{"Switch":{"runAfter":{},"cases":{"GAM":{"case":"GAM","actions":{"Get_user_profile_(V2)":{"runAfter":{},"metadata":{"operationMetadataId":"526fc180-74ce-4503-9abe-298313bf72e9"},"type":"OpenApiConnection","inputs":{"host":{"apiId":"/providers/Microsoft.PowerApps/apis/shared_office365users","connectionName":"shared_office365users","operationId":"UserProfile_V2"},"parameters":{"id":"@items('Apply_to_each')?['Email ID']"},"authentication":"@parameters('$authentication')"}},"Condition_2":{"actions":{"Add_user_to_group_GAM_REQUESTOR":{"runAfter":{},"metadata":{"operationMetadataId":"1e8ef3e0-a174-40df-8485-7183d27b67b0"},"type":"OpenApiConnection","inputs":{"host":{"apiId":"/providers/Microsoft.PowerApps/apis/shared_azuread","connectionName":"shared_azuread_1","operationId":"AddUserToGroup"},"parameters":{"id":"62ceb654-68ef-4605-8874-65d6214b20c2","body/@odata.id":"@outputs('Get_user_profile_(V2)')?['body/id']"},"authentication":"@parameters('$authentication')"}},"Send_an_email_(V2)":{"runAfter":{"Update_a_row":["Succeeded"]},"metadata":{"operationMetadataId":"cc195a2f-524a-46bb-bca3-f91e6190a1fd"},"type":"OpenApiConnection","inputs":{"host":{"apiId":"/providers/Microsoft.PowerApps/apis/shared_office365","connectionName":"shared_office365_1","operationId":"SendEmailV2"},"parameters":{"emailMessage/To":"@items('Apply_to_each')?['Email ID']","emailMessage/Subject":"@{items('Apply_to_each')?['Application Role']} Access","emailMessage/Body":"<p>Hello @{outputs('Get_user_profile_(V2)')?['body/displayName']},<br>\n<br>\nYour Request for @{items('Apply_to_each')?['Application Role']} has been granted now.<br>\n<br>\nFor any further queries on access issue please connect with Anil Chougule &lt;anil.chougule@maersk.com&gt;.<br>\n<br>\nRegards,<br>\nAutomation &amp; Enablement Team</p>","emailMessage/From":"sejal.j@maersk.com","emailMessage/Cc":"anil.chougule@maersk.com","emailMessage/ReplyTo":"anil.chougule@maersk.com","emailMessage/Importance":"Normal"},"authentication":"@parameters('$authentication')"}},"Update_a_row":{"runAfter":{"Add_user_to_group_GAM_REQUESTOR":["Succeeded"]},"metadata":{"012EFUUMYKILUO6YEWXNDLGQDNCPYII4PB":"/Documents/GAM Automation/GAM AUTOMATION.xlsx","operationMetadataId":"56ee0427-f4db-4e51-adf5-644f821ff37a","tableId":"{7103C857-F9DA-4DAB-A6E4-59AA6C98DC94}","01EF7ERYDPPXAUFMJUSJF3J2VO432ZMIA6":"/GAM Automation/GAM Access_v1.xlsx"},"type":"OpenApiConnection","inputs":{"host":{"apiId":"/providers/Microsoft.PowerApps/apis/shared_excelonlinebusiness","connectionName":"shared_excelonlinebusiness_1","operationId":"PatchItem"},"parameters":{"source":"groups/3abf9f2f-7b6b-46fe-978c-81006801aedf","drive":"b!qyBse53NTkSCowKpqMQORIQSHS_O5z5HtLCzf9j0fGFy5GYOuJsrT5MoQ5UZQQVi","file":"01EF7ERYDPPXAUFMJUSJF3J2VO432ZMIA6","table":"{7103C857-F9DA-4DAB-A6E4-59AA6C98DC94}","idColumn":"ID","id":"@items('Apply_to_each')?['ID']","item/Status":"Member successfully added","item/Last Updated":"@convertFromUtc(utcNow(),'India Standard Time','dd-MMM-yyyy hh:mm')"},"authentication":"@parameters('$authentication')"}}},"runAfter":{"Check_group_membership_(V2)":["Succeeded"]},"else":{"actions":{"Update_a_row_2":{"runAfter":{},"metadata":{"012EFUUMYKILUO6YEWXNDLGQDNCPYII4PB":"/Documents/GAM Automation/GAM AUTOMATION.xlsx","operationMetadataId":"1749fb7b-3886-4da7-8ffb-151dd0214cf9","tableId":"{7103C857-F9DA-4DAB-A6E4-59AA6C98DC94}","01EF7ERYDPPXAUFMJUSJF3J2VO432ZMIA6":"/GAM Automation/GAM Access_v1.xlsx"},"type":"OpenApiConnection","inputs":{"host":{"apiId":"/providers/Microsoft.PowerApps/apis/shared_excelonlinebusiness","connectionName":"shared_excelonlinebusiness_1","operationId":"PatchItem"},"parameters":{"source":"groups/3abf9f2f-7b6b-46fe-978c-81006801aedf","drive":"b!qyBse53NTkSCowKpqMQORIQSHS_O5z5HtLCzf9j0fGFy5GYOuJsrT5MoQ5UZQQVi","file":"01EF7ERYDPPXAUFMJUSJF3J2VO432ZMIA6","table":"{7103C857-F9DA-4DAB-A6E4-59AA6C98DC94}","idColumn":"ID","id":"@items('Apply_to_each')?['ID']","item/Status":"Member Already Present","item/Last Updated":"@convertFromUtc(utcNow(),'India Standard Time','dd-MMM-yyyy hh:mm')"},"authentication":"@parameters('$authentication')"}},"Send_an_email_(V2)_3":{"runAfter":{"Update_a_row_2":["Succeeded"]},"metadata":{"operationMetadataId":"8b550147-618d-4c4f-b204-621ae7ab155b"},"type":"OpenApiConnection","inputs":{"host":{"apiId":"/providers/Microsoft.PowerApps/apis/shared_office365","connectionName":"shared_office365_1","operationId":"SendEmailV2"},"parameters":{"emailMessage/To":"@items('Apply_to_each')?['Email ID']","emailMessage/Subject":"@{items('Apply_to_each')?['Application Role']} Access","emailMessage/Body":"<p>Hello @{outputs('Get_user_profile_(V2)')?['body/displayName']},<br>\n<br>\nAccess is already present, kindly clear cookies and history and retry again.<br>\n<br>\nFor any further queries on access issue please connect with Anil Chougule &lt;anil.chougule@maersk.com&gt;.<br>\n<br>\nRegards,<br>\nAutomation &amp; Enablement</p>","emailMessage/From":"sejal.j@maersk.com","emailMessage/Cc":"anil.chougule@maersk.com","emailMessage/ReplyTo":"anil.chougule@maersk.com","emailMessage/Importance":"Normal"},"authentication":"@parameters('$authentication')"}}}},"expression":{"equals":["@length(outputs('Check_group_membership_(V2)')?['body/value'])",0]},"metadata":{"operationMetadataId":"e466e3a5-5c7e-4e20-aac0-45ca8fa49ea8"},"type":"If"},"Check_group_membership_(V2)":{"runAfter":{"Get_user_profile_(V2)":["Succeeded"]},"metadata":{"operationMetadataId":"d01176c0-af7c-44ae-99a0-69e906a020f0"},"type":"OpenApiConnection","inputs":{"host":{"apiId":"/providers/Microsoft.PowerApps/apis/shared_azuread","connectionName":"shared_azuread_1","operationId":"CheckMemberGroupsV2"},"parameters":{"id":"@outputs('Get_user_profile_(V2)')?['body/id']","body/groupIds":["62ceb654-68ef-4605-8874-65d6214b20c2"]},"authentication":"@parameters('$authentication')"}},"Check_group_membership_(V2)_2":{"runAfter":{"Get_user_profile_(V2)":["Succeeded"]},"metadata":{"operationMetadataId":"f1e85c5d-d2ec-4db4-8b3a-e4a0a840d4c3"},"type":"OpenApiConnection","inputs":{"host":{"apiId":"/providers/Microsoft.PowerApps/apis/shared_azuread","connectionName":"shared_azuread_1","operationId":"CheckMemberGroupsV2"},"parameters":{"id":"@outputs('Get_user_profile_(V2)')?['body/id']","body/groupIds":["0a75110e-d668-4821-b0e3-4f9abfe9bd2e"]},"authentication":"@parameters('$authentication')"}},"Condition_3":{"actions":{"Add_user_to_group_GAM_VIEWER":{"runAfter":{},"metadata":{"operationMetadataId":"1e8ef3e0-a174-40df-8485-7183d27b67b0"},"type":"OpenApiConnection","inputs":{"host":{"apiId":"/providers/Microsoft.PowerApps/apis/shared_azuread","connectionName":"shared_azuread_1","operationId":"AddUserToGroup"},"parameters":{"id":"0a75110e-d668-4821-b0e3-4f9abfe9bd2e","body/@odata.id":"@outputs('Get_user_profile_(V2)')?['body/id']"},"authentication":"@parameters('$authentication')"}},"Update_a_row_3":{"runAfter":{"Add_user_to_group_GAM_VIEWER":["Succeeded"]},"metadata":{"012EFUUMYKILUO6YEWXNDLGQDNCPYII4PB":"/Documents/GAM Automation/GAM AUTOMATION.xlsx","operationMetadataId":"56ee0427-f4db-4e51-adf5-644f821ff37a","tableId":"{7103C857-F9DA-4DAB-A6E4-59AA6C98DC94}","01EF7ERYDPPXAUFMJUSJF3J2VO432ZMIA6":"/GAM Automation/GAM Access_v1.xlsx"},"type":"OpenApiConnection","inputs":{"host":{"apiId":"/providers/Microsoft.PowerApps/apis/shared_excelonlinebusiness","connectionName":"shared_excelonlinebusiness_1","operationId":"PatchItem"},"parameters":{"source":"groups/3abf9f2f-7b6b-46fe-978c-81006801aedf","drive":"b!qyBse53NTkSCowKpqMQORIQSHS_O5z5HtLCzf9j0fGFy5GYOuJsrT5MoQ5UZQQVi","file":"01EF7ERYDPPXAUFMJUSJF3J2VO432ZMIA6","table":"{7103C857-F9DA-4DAB-A6E4-59AA6C98DC94}","idColumn":"ID","id":"@items('Apply_to_each')?['ID']","item/Status":"Member successfully added","item/Last Updated":"@convertFromUtc(utcNow(),'India Standard Time','dd-MMM-yyyy hh:mm')"},"authentication":"@parameters('$authentication')"}},"Send_an_email_(V2)_2":{"runAfter":{"Update_a_row_3":["Succeeded"]},"metadata":{"operationMetadataId":"cc195a2f-524a-46bb-bca3-f91e6190a1fd"},"type":"OpenApiConnection","inputs":{"host":{"apiId":"/providers/Microsoft.PowerApps/apis/shared_office365","connectionName":"shared_office365_1","operationId":"SendEmailV2"},"parameters":{"emailMessage/To":"@items('Apply_to_each')?['Email ID']","emailMessage/Subject":"@{items('Apply_to_each')?['Application Role']} Access","emailMessage/Body":"<p>Hello @{outputs('Get_user_profile_(V2)')?['body/displayName']},<br>\n<br>\nYour Request for @{items('Apply_to_each')?['Application Role']} has been granted now.<br>\n<br>\nFor any further queries on access issue please connect with Anil Chougule &lt;anil.chougule@maersk.com&gt;.<br>\n<br>\nRegards,<br>\nAutomation &amp; Enablement Team</p>","emailMessage/From":"sejal.j@maersk.com","emailMessage/Cc":"anil.chougule@maersk.com","emailMessage/ReplyTo":"anil.chougule@maersk.com","emailMessage/Importance":"Normal"},"authentication":"@parameters('$authentication')"}}},"runAfter":{"Check_group_membership_(V2)_2":["Succeeded"]},"else":{"actions":{"Update_a_row_4":{"runAfter":{},"metadata":{"012EFUUMYKILUO6YEWXNDLGQDNCPYII4PB":"/Documents/GAM Automation/GAM AUTOMATION.xlsx","operationMetadataId":"1749fb7b-3886-4da7-8ffb-151dd0214cf9","tableId":"{7103C857-F9DA-4DAB-A6E4-59AA6C98DC94}","01EF7ERYDPPXAUFMJUSJF3J2VO432ZMIA6":"/GAM Automation/GAM Access_v1.xlsx"},"type":"OpenApiConnection","inputs":{"host":{"apiId":"/providers/Microsoft.PowerApps/apis/shared_excelonlinebusiness","connectionName":"shared_excelonlinebusiness_1","operationId":"PatchItem"},"parameters":{"source":"groups/3abf9f2f-7b6b-46fe-978c-81006801aedf","drive":"b!qyBse53NTkSCowKpqMQORIQSHS_O5z5HtLCzf9j0fGFy5GYOuJsrT5MoQ5UZQQVi","file":"01EF7ERYDPPXAUFMJUSJF3J2VO432ZMIA6","table":"{7103C857-F9DA-4DAB-A6E4-59AA6C98DC94}","idColumn":"ID","id":"@items('Apply_to_each')?['ID']","item/Status":"Member Already Present","item/Last Updated":"@convertFromUtc(utcNow(),'India Standard Time','dd-MMM-yyyy hh:mm')"},"authentication":"@parameters('$authentication')"}},"Send_an_email_(V2)_4":{"runAfter":{"Update_a_row_4":["Succeeded"]},"metadata":{"operationMetadataId":"8b550147-618d-4c4f-b204-621ae7ab155b"},"type":"OpenApiConnection","inputs":{"host":{"apiId":"/providers/Microsoft.PowerApps/apis/shared_office365","connectionName":"shared_office365_1","operationId":"SendEmailV2"},"parameters":{"emailMessage/To":"@items('Apply_to_each')?['Email ID']","emailMessage/Subject":"@{items('Apply_to_each')?['Application Role']} Access","emailMessage/Body":"<p>Hello @{outputs('Get_user_profile_(V2)')?['body/displayName']},<br>\n<br>\nAccess is already present, kindly clear cookies and history and retry again.<br>\n<br>\nFor any further queries on access issue please connect with Anil Chougule &lt;anil.chougule@maersk.com&gt;.<br>\n<br>\nRegards,<br>\nAutomation &amp; Enablement</p>","emailMessage/From":"sejal.j@maersk.com","emailMessage/Cc":"anil.chougule@maersk.com","emailMessage/ReplyTo":"anil.chougule@maersk.com","emailMessage/Importance":"Normal"},"authentication":"@parameters('$authentication')"}}}},"expression":{"equals":["@length(outputs('Check_group_membership_(V2)_2')?['body/value'])",0]},"metadata":{"operationMetadataId":"8d1d3cec-0d8a-4bcd-897b-7bf042ac24b6"},"type":"If"},"Update_a_row_9":{"runAfter":{"Get_user_profile_(V2)":["Failed","Skipped","TimedOut"]},"metadata":{"012EFUUMYKILUO6YEWXNDLGQDNCPYII4PB":"/Documents/GAM Automation/GAM AUTOMATION.xlsx","operationMetadataId":"6d1c450d-dd0e-4a50-a5ec-bd74529a5a5a","tableId":"{7103C857-F9DA-4DAB-A6E4-59AA6C98DC94}","01EF7ERYDPPXAUFMJUSJF3J2VO432ZMIA6":"/GAM Automation/GAM Access_v1.xlsx"},"type":"OpenApiConnection","inputs":{"host":{"apiId":"/providers/Microsoft.PowerApps/apis/shared_excelonlinebusiness","connectionName":"shared_excelonlinebusiness_1","operationId":"PatchItem"},"parameters":{"source":"groups/3abf9f2f-7b6b-46fe-978c-81006801aedf","drive":"b!qyBse53NTkSCowKpqMQORIQSHS_O5z5HtLCzf9j0fGFy5GYOuJsrT5MoQ5UZQQVi","file":"01EF7ERYDPPXAUFMJUSJF3J2VO432ZMIA6","table":"{7103C857-F9DA-4DAB-A6E4-59AA6C98DC94}","idColumn":"ID","id":"@items('Apply_to_each')?['ID']","item/Status":"Incorrect mail ID ","item/Last Updated":"@convertFromUtc(utcNow(),'India Standard Time','dd-MMM-yyyy hh:mm')"},"authentication":"@parameters('$authentication')"}}}},"GAM_READ_ONLY":{"case":"GAM Read Only","actions":{"Get_user_profile_(V2)_2":{"runAfter":{},"metadata":{"operationMetadataId":"aff1e503-483a-49eb-a6f3-377646a4a254"},"type":"OpenApiConnection","inputs":{"host":{"apiId":"/providers/Microsoft.PowerApps/apis/shared_office365users","connectionName":"shared_office365users","operationId":"UserProfile_V2"},"parameters":{"id":"@items('Apply_to_each')?['Email ID']"},"authentication":"@parameters('$authentication')"}},"Check_group_membership_(V2)_3":{"runAfter":{"Get_user_profile_(V2)_2":["Succeeded"]},"metadata":{"operationMetadataId":"f2a893c2-2311-45b8-92e8-1f43d087c6e9"},"type":"OpenApiConnection","inputs":{"host":{"apiId":"/providers/Microsoft.PowerApps/apis/shared_azuread","connectionName":"shared_azuread_1","operationId":"CheckMemberGroupsV2"},"parameters":{"id":"@outputs('Get_user_profile_(V2)_2')?['body/id']","body/groupIds":["0a75110e-d668-4821-b0e3-4f9abfe9bd2e"]},"authentication":"@parameters('$authentication')"}},"Condition_4":{"actions":{"Add_user_to_group":{"runAfter":{},"metadata":{"operationMetadataId":"1e8ef3e0-a174-40df-8485-7183d27b67b0"},"type":"OpenApiConnection","inputs":{"host":{"apiId":"/providers/Microsoft.PowerApps/apis/shared_azuread","connectionName":"shared_azuread_1","operationId":"AddUserToGroup"},"parameters":{"id":"0a75110e-d668-4821-b0e3-4f9abfe9bd2e","body/@odata.id":"@outputs('Get_user_profile_(V2)_2')?['body/id']"},"authentication":"@parameters('$authentication')"}},"Send_an_email_(V2)_5":{"runAfter":{"Update_a_row_5":["Succeeded"]},"metadata":{"operationMetadataId":"cc195a2f-524a-46bb-bca3-f91e6190a1fd"},"type":"OpenApiConnection","inputs":{"host":{"apiId":"/providers/Microsoft.PowerApps/apis/shared_office365","connectionName":"shared_office365_1","operationId":"SendEmailV2"},"parameters":{"emailMessage/To":"@items('Apply_to_each')?['Email ID']","emailMessage/Subject":"@{items('Apply_to_each')?['Application Role']} Access","emailMessage/Body":"<p>Hello @{outputs('Get_user_profile_(V2)_2')?['body/displayName']},<br>\n<br>\nYour Request for @{items('Apply_to_each')?['Application Role']} has been granted now.<br>\n<br>\nFor any further queries on access issue please connect with Anil Chougule &lt;anil.chougule@maersk.com&gt;.<br>\n<br>\nRegards,<br>\nAutomation &amp; Enablement Team</p>","emailMessage/From":"sejal.j@maersk.com","emailMessage/Cc":"anil.chougule@maersk.com","emailMessage/ReplyTo":"anil.chougule@maersk.com","emailMessage/Importance":"Normal"},"authentication":"@parameters('$authentication')"}},"Update_a_row_5":{"runAfter":{"Add_user_to_group":["Succeeded"]},"metadata":{"012EFUUMYKILUO6YEWXNDLGQDNCPYII4PB":"/Documents/GAM Automation/GAM AUTOMATION.xlsx","operationMetadataId":"56ee0427-f4db-4e51-adf5-644f821ff37a","tableId":"{294F0ACA-081B-4AB1-9B30-012D11652F61}","01EF7ERYDPPXAUFMJUSJF3J2VO432ZMIA6":"/GAM Automation/GAM Access_v1.xlsx"},"type":"OpenApiConnection","inputs":{"host":{"apiId":"/providers/Microsoft.PowerApps/apis/shared_excelonlinebusiness","connectionName":"shared_excelonlinebusiness_1","operationId":"PatchItem"},"parameters":{"source":"groups/3abf9f2f-7b6b-46fe-978c-81006801aedf","drive":"b!qyBse53NTkSCowKpqMQORIQSHS_O5z5HtLCzf9j0fGFy5GYOuJsrT5MoQ5UZQQVi","file":"01EF7ERYDPPXAUFMJUSJF3J2VO432ZMIA6","table":"{294F0ACA-081B-4AB1-9B30-012D11652F61}","idColumn":"ID","id":"@items('Apply_to_each')?['ID']","item/Status":"Member successfully added","item/Last Updated":"@convertFromUtc(utcNow(),'India Standard Time','dd-MMM-yyyy hh:mm')"},"authentication":"@parameters('$authentication')"}}},"runAfter":{"Check_group_membership_(V2)_3":["Succeeded"]},"else":{"actions":{"Update_a_row_6":{"runAfter":{},"metadata":{"012EFUUMYKILUO6YEWXNDLGQDNCPYII4PB":"/Documents/GAM Automation/GAM AUTOMATION.xlsx","operationMetadataId":"1749fb7b-3886-4da7-8ffb-151dd0214cf9","tableId":"{294F0ACA-081B-4AB1-9B30-012D11652F61}","01EF7ERYDPPXAUFMJUSJF3J2VO432ZMIA6":"/GAM Automation/GAM Access_v1.xlsx"},"type":"OpenApiConnection","inputs":{"host":{"apiId":"/providers/Microsoft.PowerApps/apis/shared_excelonlinebusiness","connectionName":"shared_excelonlinebusiness_1","operationId":"PatchItem"},"parameters":{"source":"groups/3abf9f2f-7b6b-46fe-978c-81006801aedf","drive":"b!qyBse53NTkSCowKpqMQORIQSHS_O5z5HtLCzf9j0fGFy5GYOuJsrT5MoQ5UZQQVi","file":"01EF7ERYDPPXAUFMJUSJF3J2VO432ZMIA6","table":"{294F0ACA-081B-4AB1-9B30-012D11652F61}","idColumn":"ID","id":"@items('Apply_to_each')?['ID']","item/Status":"Memeber Already Present","item/Last Updated":"@convertFromUtc(utcNow(),'India Standard Time','dd-MMM-yyyy hh:mm')"},"authentication":"@parameters('$authentication')"}},"Send_an_email_(V2)_6":{"runAfter":{"Update_a_row_6":["Succeeded"]},"metadata":{"operationMetadataId":"8b550147-618d-4c4f-b204-621ae7ab155b"},"type":"OpenApiConnection","inputs":{"host":{"apiId":"/providers/Microsoft.PowerApps/apis/shared_office365","connectionName":"shared_office365_1","operationId":"SendEmailV2"},"parameters":{"emailMessage/To":"@items('Apply_to_each')?['Email ID']","emailMessage/Subject":"@{items('Apply_to_each')?['Application Role']} Access","emailMessage/Body":"<p>Hello @{outputs('Get_user_profile_(V2)_2')?['body/displayName']},<br>\n<br>\nAccess is already present, kindly clear cookies and history and retry again.<br>\n<br>\nFor any further queries on access issue please connect with Anil Chougule &lt;anil.chougule@maersk.com&gt;.<br>\n<br>\nRegards,<br>\nAutomation &amp; Enablement</p>","emailMessage/From":"sejal.j@maersk.com","emailMessage/Cc":"anil.chougule@maersk.com","emailMessage/ReplyTo":"anil.chougule@maersk.com","emailMessage/Importance":"Normal"},"authentication":"@parameters('$authentication')"}}}},"expression":{"equals":["@length(outputs('Check_group_membership_(V2)_3')?['body/value'])",0]},"metadata":{"operationMetadataId":"07b23055-ba00-4270-a430-1427614b37ea"},"type":"If"},"Update_a_row_10":{"runAfter":{"Get_user_profile_(V2)_2":["Skipped","TimedOut","Failed"]},"metadata":{"012EFUUMYKILUO6YEWXNDLGQDNCPYII4PB":"/Documents/GAM Automation/GAM AUTOMATION.xlsx","operationMetadataId":"367e6069-fe88-446b-8f1a-ca8cf2ea3fc3","tableId":"{294F0ACA-081B-4AB1-9B30-012D11652F61}","01EF7ERYDPPXAUFMJUSJF3J2VO432ZMIA6":"/GAM Automation/GAM Access_v1.xlsx"},"type":"OpenApiConnection","inputs":{"host":{"apiId":"/providers/Microsoft.PowerApps/apis/shared_excelonlinebusiness","connectionName":"shared_excelonlinebusiness_1","operationId":"PatchItem"},"parameters":{"source":"groups/3abf9f2f-7b6b-46fe-978c-81006801aedf","drive":"b!qyBse53NTkSCowKpqMQORIQSHS_O5z5HtLCzf9j0fGFy5GYOuJsrT5MoQ5UZQQVi","file":"01EF7ERYDPPXAUFMJUSJF3J2VO432ZMIA6","table":"{294F0ACA-081B-4AB1-9B30-012D11652F61}","idColumn":"ID","id":"@items('Apply_to_each')?['ID']","item/Status":"Incorrect mail ID ","item/Last Updated":"@convertFromUtc(utcNow(),'India Standard Time','dd-MMM-yyyy hh:mm')"},"authentication":"@parameters('$authentication')"}}}},"OHP__View":{"case":"Dispute View Readonly","actions":{"Get_user_profile_(V2)_3":{"runAfter":{},"metadata":{"operationMetadataId":"d0e46586-e1ee-4e05-91e8-24aa42af9405"},"type":"OpenApiConnection","inputs":{"host":{"apiId":"/providers/Microsoft.PowerApps/apis/shared_office365users","connectionName":"shared_office365users_1","operationId":"UserProfile_V2"},"parameters":{"id":"@items('Apply_to_each')?['Email ID']"},"authentication":"@parameters('$authentication')"}},"Check_group_membership_(V2)_4":{"runAfter":{"Get_user_profile_(V2)_3":["Succeeded"]},"metadata":{"operationMetadataId":"00dfe390-759d-4b66-8b78-a377d3e05d72"},"type":"OpenApiConnection","inputs":{"host":{"apiId":"/providers/Microsoft.PowerApps/apis/shared_azuread","connectionName":"shared_azuread_1","operationId":"CheckMemberGroupsV2"},"parameters":{"id":"@outputs('Get_user_profile_(V2)_3')?['body/id']","body/groupIds":["87257857-e99b-4e88-b61c-29785f6c24b0"]},"authentication":"@parameters('$authentication')"}},"Condition_5":{"actions":{"Add_user_to_group_2":{"runAfter":{},"metadata":{"operationMetadataId":"1e8ef3e0-a174-40df-8485-7183d27b67b0"},"type":"OpenApiConnection","inputs":{"host":{"apiId":"/providers/Microsoft.PowerApps/apis/shared_azuread","connectionName":"shared_azuread_1","operationId":"AddUserToGroup"},"parameters":{"id":"87257857-e99b-4e88-b61c-29785f6c24b0","body/@odata.id":"@outputs('Get_user_profile_(V2)_3')?['body/id']"},"authentication":"@parameters('$authentication')"}},"Update_a_row_7":{"runAfter":{"Add_user_to_group_2":["Succeeded"]},"metadata":{"012EFUUMYKILUO6YEWXNDLGQDNCPYII4PB":"/Documents/GAM Automation/GAM AUTOMATION.xlsx","operationMetadataId":"56ee0427-f4db-4e51-adf5-644f821ff37a","tableId":"{7103C857-F9DA-4DAB-A6E4-59AA6C98DC94}","01EF7ERYDPPXAUFMJUSJF3J2VO432ZMIA6":"/GAM Automation/GAM Access_v1.xlsx"},"type":"OpenApiConnection","inputs":{"host":{"apiId":"/providers/Microsoft.PowerApps/apis/shared_excelonlinebusiness","connectionName":"shared_excelonlinebusiness_1","operationId":"PatchItem"},"parameters":{"source":"groups/3abf9f2f-7b6b-46fe-978c-81006801aedf","drive":"b!qyBse53NTkSCowKpqMQORIQSHS_O5z5HtLCzf9j0fGFy5GYOuJsrT5MoQ5UZQQVi","file":"01EF7ERYDPPXAUFMJUSJF3J2VO432ZMIA6","table":"{7103C857-F9DA-4DAB-A6E4-59AA6C98DC94}","idColumn":"ID","id":"@items('Apply_to_each')?['ID']","item/Status":"Member successfully added","item/Last Updated":"@convertFromUtc(utcNow(),'India Standard Time','dd-MMM-yyyy hh:mm')"},"authentication":"@parameters('$authentication')"}},"Send_an_email_(V2)_7":{"runAfter":{"Update_a_row_7":["Succeeded"]},"metadata":{"operationMetadataId":"cc195a2f-524a-46bb-bca3-f91e6190a1fd"},"type":"OpenApiConnection","inputs":{"host":{"apiId":"/providers/Microsoft.PowerApps/apis/shared_office365","connectionName":"shared_office365_1","operationId":"SendEmailV2"},"parameters":{"emailMessage/To":"@items('Apply_to_each')?['Email ID']","emailMessage/Subject":"@{items('Apply_to_each')?['Application Role']} Access","emailMessage/Body":"<p>Hello @{outputs('Get_user_profile_(V2)_3')?['body/displayName']},<br>\n<br>\nYour Request for @{items('Apply_to_each')?['Application Role']} has been granted now.<br>\n<br>\nFor any further queries on access issue please connect with Anil Chougule &lt;anil.chougule@maersk.com&gt;.<br>\n<br>\nRegards,<br>\nAutomation &amp; Enablement Team</p>","emailMessage/From":"sejal.j@maersk.com","emailMessage/Cc":"anil.chougule@maersk.com","emailMessage/ReplyTo":"anil.chougule@maersk.com","emailMessage/Importance":"Normal"},"authentication":"@parameters('$authentication')"}}},"runAfter":{"Check_group_membership_(V2)_4":["Succeeded"]},"else":{"actions":{"Update_a_row_8":{"runAfter":{},"metadata":{"012EFUUMYKILUO6YEWXNDLGQDNCPYII4PB":"/Documents/GAM Automation/GAM AUTOMATION.xlsx","operationMetadataId":"1749fb7b-3886-4da7-8ffb-151dd0214cf9","tableId":"{7103C857-F9DA-4DAB-A6E4-59AA6C98DC94}","01EF7ERYDPPXAUFMJUSJF3J2VO432ZMIA6":"/GAM Automation/GAM Access_v1.xlsx"},"type":"OpenApiConnection","inputs":{"host":{"apiId":"/providers/Microsoft.PowerApps/apis/shared_excelonlinebusiness","connectionName":"shared_excelonlinebusiness_1","operationId":"PatchItem"},"parameters":{"source":"groups/3abf9f2f-7b6b-46fe-978c-81006801aedf","drive":"b!qyBse53NTkSCowKpqMQORIQSHS_O5z5HtLCzf9j0fGFy5GYOuJsrT5MoQ5UZQQVi","file":"01EF7ERYDPPXAUFMJUSJF3J2VO432ZMIA6","table":"{7103C857-F9DA-4DAB-A6E4-59AA6C98DC94}","idColumn":"ID","id":"@items('Apply_to_each')?['ID']","item/Status":"Memeber Already Present","item/Last Updated":"@convertFromUtc(utcNow(),'India Standard Time','dd-MMM-yyyy hh:mm')"},"authentication":"@parameters('$authentication')"}},"Send_an_email_(V2)_8":{"runAfter":{"Update_a_row_8":["Succeeded"]},"metadata":{"operationMetadataId":"8b550147-618d-4c4f-b204-621ae7ab155b"},"type":"OpenApiConnection","inputs":{"host":{"apiId":"/providers/Microsoft.PowerApps/apis/shared_office365","connectionName":"shared_office365_1","operationId":"SendEmailV2"},"parameters":{"emailMessage/To":"@items('Apply_to_each')?['Email ID']","emailMessage/Subject":"@{items('Apply_to_each')?['Application Role']} Access","emailMessage/Body":"<p>Hello @{outputs('Get_user_profile_(V2)_3')?['body/displayName']},<br>\n<br>\nAccess is already present, kindly clear cookies and history and retry again.<br>\n<br>\nFor any further queries on access issue please connect with Anil Chougule &lt;anil.chougule@maersk.com&gt;.<br>\n<br>\nRegards,<br>\nAutomation &amp; Enablement</p>","emailMessage/From":"sejal.j@maersk.com","emailMessage/Cc":"anil.chougule@maersk.com","emailMessage/ReplyTo":"anil.chougule@maersk.com","emailMessage/Importance":"Normal"},"authentication":"@parameters('$authentication')"}}}},"expression":{"equals":["@length(outputs('Check_group_membership_(V2)_4')?['body/value'])",0]},"metadata":{"operationMetadataId":"623ef5ea-c464-4e1b-a282-dfa66077de2b"},"type":"If"},"Update_a_row_19":{"runAfter":{"Get_user_profile_(V2)_3":["Skipped","TimedOut","Failed"]},"metadata":{"012EFUUMYKILUO6YEWXNDLGQDNCPYII4PB":"/Documents/GAM Automation/GAM AUTOMATION.xlsx","operationMetadataId":"1844dba8-b6b4-485e-a348-76948b792ab5","tableId":"{7103C857-F9DA-4DAB-A6E4-59AA6C98DC94}","01EF7ERYDPPXAUFMJUSJF3J2VO432ZMIA6":"/GAM Automation/GAM Access_v1.xlsx"},"type":"OpenApiConnection","inputs":{"host":{"apiId":"/providers/Microsoft.PowerApps/apis/shared_excelonlinebusiness","connectionName":"shared_excelonlinebusiness_1","operationId":"PatchItem"},"parameters":{"source":"groups/3abf9f2f-7b6b-46fe-978c-81006801aedf","drive":"b!qyBse53NTkSCowKpqMQORIQSHS_O5z5HtLCzf9j0fGFy5GYOuJsrT5MoQ5UZQQVi","file":"01EF7ERYDPPXAUFMJUSJF3J2VO432ZMIA6","table":"{7103C857-F9DA-4DAB-A6E4-59AA6C98DC94}","idColumn":"ID","id":"@items('Apply_to_each')?['ID']","item/Status":"Incorrect mail ID ","item/Last Updated":"@convertFromUtc(utcNow(),'India Standard Time','dd-MMM-yyyy hh:mm')"},"authentication":"@parameters('$authentication')"}}}},"OHP_Edit":{"case":"Dispute View Edit","actions":{"Condition_10":{"actions":{"Send_an_email_(V2)_18":{"runAfter":{"Update_a_row_18":["Succeeded"]},"metadata":{"operationMetadataId":"cc195a2f-524a-46bb-bca3-f91e6190a1fd"},"type":"OpenApiConnection","inputs":{"host":{"apiId":"/providers/Microsoft.PowerApps/apis/shared_office365","connectionName":"shared_office365_1","operationId":"SendEmailV2"},"parameters":{"emailMessage/To":"@items('Apply_to_each')?['Email ID']","emailMessage/Subject":"@{items('Apply_to_each')?['Application Role']} Access","emailMessage/Body":"<p>Hello @{outputs('Get_user_profile_(V2)_4')?['body/displayName']},<br>\n<br>\nYour Request for @{items('Apply_to_each')?['Application Role']} has been granted now.<br>\n<br>\nFor any further queries on access issue please connect with Anil Chougule &lt;anil.chougule@maersk.com&gt;.<br>\n<br>\nRegards,<br>\nAutomation &amp; Enablement Team</p>","emailMessage/From":"sejal.j@maersk.com","emailMessage/Cc":"anil.chougule@maersk.com","emailMessage/ReplyTo":"anil.chougule@maersk.com","emailMessage/Importance":"Normal"},"authentication":"@parameters('$authentication')"}},"Add_user_to_group_7":{"runAfter":{},"metadata":{"operationMetadataId":"8c118080-4573-4293-8685-d4f9aa9da2dd"},"type":"OpenApiConnection","inputs":{"host":{"apiId":"/providers/Microsoft.PowerApps/apis/shared_azuread","connectionName":"shared_azuread_1","operationId":"AddUserToGroup"},"parameters":{"id":"ca9b4ad7-10f0-45ce-a425-b7bd7af80ea4","body/@odata.id":"@outputs('Get_user_profile_(V2)_4')?['body/id']"},"authentication":"@parameters('$authentication')"}},"Update_a_row_18":{"runAfter":{"Add_user_to_group_7":["Succeeded"]},"metadata":{"012EFUUMYKILUO6YEWXNDLGQDNCPYII4PB":"/Documents/GAM Automation/GAM AUTOMATION.xlsx","operationMetadataId":"56ee0427-f4db-4e51-adf5-644f821ff37a","tableId":"{7103C857-F9DA-4DAB-A6E4-59AA6C98DC94}","01EF7ERYDPPXAUFMJUSJF3J2VO432ZMIA6":"/GAM Automation/GAM Access_v1.xlsx"},"type":"OpenApiConnection","inputs":{"host":{"apiId":"/providers/Microsoft.PowerApps/apis/shared_excelonlinebusiness","connectionName":"shared_excelonlinebusiness_1","operationId":"PatchItem"},"parameters":{"source":"groups/3abf9f2f-7b6b-46fe-978c-81006801aedf","drive":"b!qyBse53NTkSCowKpqMQORIQSHS_O5z5HtLCzf9j0fGFy5GYOuJsrT5MoQ5UZQQVi","file":"01EF7ERYDPPXAUFMJUSJF3J2VO432ZMIA6","table":"{7103C857-F9DA-4DAB-A6E4-59AA6C98DC94}","idColumn":"ID","id":"@items('Apply_to_each')?['ID']","item/Status":"Member successfully added","item/Last Updated":"@convertFromUtc(utcNow(),'India Standard Time','dd-MMM-yyyy hh:mm')"},"authentication":"@parameters('$authentication')"}}},"runAfter":{"Check_group_membership_(V2)_9":["Succeeded"]},"else":{"actions":{"Update_a_row_17":{"runAfter":{},"metadata":{"012EFUUMYKILUO6YEWXNDLGQDNCPYII4PB":"/Documents/GAM Automation/GAM AUTOMATION.xlsx","operationMetadataId":"1749fb7b-3886-4da7-8ffb-151dd0214cf9","tableId":"{7103C857-F9DA-4DAB-A6E4-59AA6C98DC94}","01EF7ERYDPPXAUFMJUSJF3J2VO432ZMIA6":"/GAM Automation/GAM Access_v1.xlsx"},"type":"OpenApiConnection","inputs":{"host":{"apiId":"/providers/Microsoft.PowerApps/apis/shared_excelonlinebusiness","connectionName":"shared_excelonlinebusiness_1","operationId":"PatchItem"},"parameters":{"source":"groups/3abf9f2f-7b6b-46fe-978c-81006801aedf","drive":"b!qyBse53NTkSCowKpqMQORIQSHS_O5z5HtLCzf9j0fGFy5GYOuJsrT5MoQ5UZQQVi","file":"01EF7ERYDPPXAUFMJUSJF3J2VO432ZMIA6","table":"{7103C857-F9DA-4DAB-A6E4-59AA6C98DC94}","idColumn":"ID","id":"@items('Apply_to_each')?['ID']","item/Status":"Memeber Already Present","item/Last Updated":"@convertFromUtc(utcNow(),'India Standard Time','dd-MMM-yyyy hh:mm')"},"authentication":"@parameters('$authentication')"}},"Send_an_email_(V2)_17":{"runAfter":{"Update_a_row_17":["Succeeded"]},"metadata":{"operationMetadataId":"8b550147-618d-4c4f-b204-621ae7ab155b"},"type":"OpenApiConnection","inputs":{"host":{"apiId":"/providers/Microsoft.PowerApps/apis/shared_office365","connectionName":"shared_office365_1","operationId":"SendEmailV2"},"parameters":{"emailMessage/To":"@items('Apply_to_each')?['Email ID']","emailMessage/Subject":"@{items('Apply_to_each')?['Application Role']} Access","emailMessage/Body":"<p>Hello @{outputs('Get_user_profile_(V2)_4')?['body/displayName']},<br>\n<br>\nAccess is already present, kindly clear cookies and history and retry again.<br>\n<br>\nFor any further queries on access issue please connect with Anil Chougule &lt;anil.chougule@maersk.com&gt;.<br>\n<br>\nRegards,<br>\nAutomation &amp; Enablement</p>","emailMessage/From":"sejal.j@maersk.com","emailMessage/Cc":"anil.chougule@maersk.com","emailMessage/ReplyTo":"anil.chougule@maersk.com","emailMessage/Importance":"Normal"},"authentication":"@parameters('$authentication')"}}}},"expression":{"equals":["@length(outputs('Check_group_membership_(V2)_9')?['body/value'])",0]},"metadata":{"operationMetadataId":"08deb2de-413a-4126-8d17-57ffc2a55834"},"type":"If"},"Check_group_membership_(V2)_9":{"runAfter":{"Get_user_profile_(V2)_4":["Succeeded"]},"metadata":{"operationMetadataId":"ca28b18f-4f32-4016-b1fc-12496a6d9acd"},"type":"OpenApiConnection","inputs":{"host":{"apiId":"/providers/Microsoft.PowerApps/apis/shared_azuread","connectionName":"shared_azuread_1","operationId":"CheckMemberGroupsV2"},"parameters":{"id":"@outputs('Get_user_profile_(V2)_4')?['body/id']","body/groupIds":["ca9b4ad7-10f0-45ce-a425-b7bd7af80ea4"]},"authentication":"@parameters('$authentication')"}},"Get_user_profile_(V2)_4":{"runAfter":{},"metadata":{"operationMetadataId":"72f5b0ff-f1ba-4980-9082-476c01ad43e7"},"type":"OpenApiConnection","inputs":{"host":{"apiId":"/providers/Microsoft.PowerApps/apis/shared_office365users","connectionName":"shared_office365users_1","operationId":"UserProfile_V2"},"parameters":{"id":"@items('Apply_to_each')?['Email ID']"},"authentication":"@parameters('$authentication')"}},"Update_a_row_20":{"runAfter":{"Get_user_profile_(V2)_4":["Failed","Skipped","TimedOut"]},"metadata":{"012EFUUMYKILUO6YEWXNDLGQDNCPYII4PB":"/Documents/GAM Automation/GAM AUTOMATION.xlsx","operationMetadataId":"030383e2-6a14-4f29-8749-3d15aa6af5ce","tableId":"{7103C857-F9DA-4DAB-A6E4-59AA6C98DC94}","01EF7ERYDPPXAUFMJUSJF3J2VO432ZMIA6":"/GAM Automation/GAM Access_v1.xlsx"},"type":"OpenApiConnection","inputs":{"host":{"apiId":"/providers/Microsoft.PowerApps/apis/shared_excelonlinebusiness","connectionName":"shared_excelonlinebusiness_1","operationId":"PatchItem"},"parameters":{"source":"groups/3abf9f2f-7b6b-46fe-978c-81006801aedf","drive":"b!qyBse53NTkSCowKpqMQORIQSHS_O5z5HtLCzf9j0fGFy5GYOuJsrT5MoQ5UZQQVi","file":"01EF7ERYDPPXAUFMJUSJF3J2VO432ZMIA6","table":"{7103C857-F9DA-4DAB-A6E4-59AA6C98DC94}","idColumn":"ID","id":"@items('Apply_to_each')?['ID']","item/Status":"Incorrect mail ID ","item/Last Updated":"@convertFromUtc(utcNow(),'India Standard Time','dd-MMM-yyyy hh:mm')"},"authentication":"@parameters('$authentication')"}}}},"LNS_Waiver_Readonly":{"case":"LNS Waiver Readonly","actions":{"Get_user_profile_(V2)_5":{"runAfter":{},"metadata":{"operationMetadataId":"7cbb31c5-24ee-4657-85ac-21ca2bf7e5c8"},"type":"OpenApiConnection","inputs":{"host":{"apiId":"/providers/Microsoft.PowerApps/apis/shared_office365users","connectionName":"shared_office365users_1","operationId":"UserProfile_V2"},"parameters":{"id":"@items('Apply_to_each')?['Email ID']"},"authentication":"@parameters('$authentication')"}},"Condition_7":{"actions":{"Add_user_to_group_4":{"runAfter":{},"metadata":{"operationMetadataId":"6c8ff091-3f74-46e0-940b-a4656f8f2173"},"type":"OpenApiConnection","inputs":{"host":{"apiId":"/providers/Microsoft.PowerApps/apis/shared_azuread","connectionName":"shared_azuread_1","operationId":"AddUserToGroup"},"parameters":{"id":"bcb784ca-589a-4b78-b9d7-9dbd3b74bb99","body/@odata.id":"@outputs('Get_user_profile_(V2)_5')?['body/id']"},"authentication":"@parameters('$authentication')"}},"Update_a_row_11":{"runAfter":{"Add_user_to_group_4":["Succeeded"]},"metadata":{"012EFUUMYKILUO6YEWXNDLGQDNCPYII4PB":"/Documents/GAM Automation/GAM AUTOMATION.xlsx","operationMetadataId":"56ee0427-f4db-4e51-adf5-644f821ff37a","tableId":"{7103C857-F9DA-4DAB-A6E4-59AA6C98DC94}","01EF7ERYDPPXAUFMJUSJF3J2VO432ZMIA6":"/GAM Automation/GAM Access_v1.xlsx"},"type":"OpenApiConnection","inputs":{"host":{"apiId":"/providers/Microsoft.PowerApps/apis/shared_excelonlinebusiness","connectionName":"shared_excelonlinebusiness_1","operationId":"PatchItem"},"parameters":{"source":"groups/3abf9f2f-7b6b-46fe-978c-81006801aedf","drive":"b!qyBse53NTkSCowKpqMQORIQSHS_O5z5HtLCzf9j0fGFy5GYOuJsrT5MoQ5UZQQVi","file":"01EF7ERYDPPXAUFMJUSJF3J2VO432ZMIA6","table":"{7103C857-F9DA-4DAB-A6E4-59AA6C98DC94}","idColumn":"ID","id":"@items('Apply_to_each')?['ID']","item/Status":"Member successfully added","item/Last Updated":"@convertFromUtc(utcNow(),'India Standard Time','dd-MMM-yyyy hh:mm')"},"authentication":"@parameters('$authentication')"}},"Send_an_email_(V2)_11":{"runAfter":{"Update_a_row_11":["Succeeded"]},"metadata":{"operationMetadataId":"cc195a2f-524a-46bb-bca3-f91e6190a1fd"},"type":"OpenApiConnection","inputs":{"host":{"apiId":"/providers/Microsoft.PowerApps/apis/shared_office365","connectionName":"shared_office365_1","operationId":"SendEmailV2"},"parameters":{"emailMessage/To":"@outputs('Update_a_row_11')?['body/Email ID']","emailMessage/Subject":"@{items('Apply_to_each')?['Application Role']} Access","emailMessage/Body":"<p>Hello @{outputs('Get_user_profile_(V2)_5')?['body/displayName']},<br>\n<br>\nYour Request for @{items('Apply_to_each')?['Application Role']} has been granted now.<br>\n<br>\nFor any further queries on access issue please connect with Anil Chougule &lt;anil.chougule@maersk.com&gt;.<br>\n<br>\nRegards,<br>\nAutomation &amp; Enablement Team</p>","emailMessage/From":"sejal.j@maersk.com","emailMessage/Cc":"anil.chougule@maersk.com","emailMessage/ReplyTo":"anil.chougule@maersk.com","emailMessage/Importance":"Normal"},"authentication":"@parameters('$authentication')"}}},"runAfter":{"Check_group_membership_(V2)_6":["Succeeded"]},"else":{"actions":{"Update_a_row_12":{"runAfter":{},"metadata":{"012EFUUMYKILUO6YEWXNDLGQDNCPYII4PB":"/Documents/GAM Automation/GAM AUTOMATION.xlsx","operationMetadataId":"1749fb7b-3886-4da7-8ffb-151dd0214cf9","tableId":"{7103C857-F9DA-4DAB-A6E4-59AA6C98DC94}","01EF7ERYDPPXAUFMJUSJF3J2VO432ZMIA6":"/GAM Automation/GAM Access_v1.xlsx"},"type":"OpenApiConnection","inputs":{"host":{"apiId":"/providers/Microsoft.PowerApps/apis/shared_excelonlinebusiness","connectionName":"shared_excelonlinebusiness_1","operationId":"PatchItem"},"parameters":{"source":"groups/3abf9f2f-7b6b-46fe-978c-81006801aedf","drive":"b!qyBse53NTkSCowKpqMQORIQSHS_O5z5HtLCzf9j0fGFy5GYOuJsrT5MoQ5UZQQVi","file":"01EF7ERYDPPXAUFMJUSJF3J2VO432ZMIA6","table":"{7103C857-F9DA-4DAB-A6E4-59AA6C98DC94}","idColumn":"ID","id":"@items('Apply_to_each')?['ID']","item/Status":"Memeber Already Present","item/Last Updated":"@convertFromUtc(utcNow(),'India Standard Time','dd-MMM-yyyy hh:mm')"},"authentication":"@parameters('$authentication')"}},"Send_an_email_(V2)_12":{"runAfter":{"Update_a_row_12":["Succeeded"]},"metadata":{"operationMetadataId":"8b550147-618d-4c4f-b204-621ae7ab155b"},"type":"OpenApiConnection","inputs":{"host":{"apiId":"/providers/Microsoft.PowerApps/apis/shared_office365","connectionName":"shared_office365_1","operationId":"SendEmailV2"},"parameters":{"emailMessage/To":"@items('Apply_to_each')?['Email ID']","emailMessage/Subject":"@{items('Apply_to_each')?['Application Role']} Access","emailMessage/Body":"<p>Hello @{outputs('Get_user_profile_(V2)_5')?['body/displayName']},<br>\n<br>\nAccess is already present, kindly clear cookies and history and retry again.<br>\n<br>\nFor any further queries on access issue please connect with Anil Chougule &lt;anil.chougule@maersk.com&gt;.<br>\n<br>\nRegards,<br>\nAutomation &amp; Enablement</p>","emailMessage/From":"sejal.j@maersk.com","emailMessage/Cc":"anil.chougule@maersk.com","emailMessage/ReplyTo":"anil.chougule@maersk.com","emailMessage/Importance":"Normal"},"authentication":"@parameters('$authentication')"}}}},"expression":{"equals":["@length(outputs('Check_group_membership_(V2)_6')?['body/value'])",0]},"metadata":{"operationMetadataId":"45ca10ce-052f-4ec1-8900-e232302cd0a5"},"type":"If"},"Check_group_membership_(V2)_6":{"runAfter":{"Get_user_profile_(V2)_5":["Succeeded"]},"metadata":{"operationMetadataId":"3ff8de14-a66e-4b28-a246-a5f526a2ef6d"},"type":"OpenApiConnection","inputs":{"host":{"apiId":"/providers/Microsoft.PowerApps/apis/shared_azuread","connectionName":"shared_azuread_1","operationId":"CheckMemberGroupsV2"},"parameters":{"id":"@outputs('Get_user_profile_(V2)_5')?['body/id']","body/groupIds":["bcb784ca-589a-4b78-b9d7-9dbd3b74bb99"]},"authentication":"@parameters('$authentication')"}},"Update_a_row_21":{"runAfter":{"Get_user_profile_(V2)_5":["Failed","Skipped","TimedOut"]},"metadata":{"012EFUUMYKILUO6YEWXNDLGQDNCPYII4PB":"/Documents/GAM Automation/GAM AUTOMATION.xlsx","operationMetadataId":"4aee3741-ae51-4449-9c39-1d46a0be9056","tableId":"{7103C857-F9DA-4DAB-A6E4-59AA6C98DC94}","01EF7ERYDPPXAUFMJUSJF3J2VO432ZMIA6":"/GAM Automation/GAM Access_v1.xlsx"},"type":"OpenApiConnection","inputs":{"host":{"apiId":"/providers/Microsoft.PowerApps/apis/shared_excelonlinebusiness","connectionName":"shared_excelonlinebusiness_1","operationId":"PatchItem"},"parameters":{"source":"groups/3abf9f2f-7b6b-46fe-978c-81006801aedf","drive":"b!qyBse53NTkSCowKpqMQORIQSHS_O5z5HtLCzf9j0fGFy5GYOuJsrT5MoQ5UZQQVi","file":"01EF7ERYDPPXAUFMJUSJF3J2VO432ZMIA6","table":"{7103C857-F9DA-4DAB-A6E4-59AA6C98DC94}","idColumn":"ID","id":"@items('Apply_to_each')?['ID']","item/Status":"Incorrect mail ID ","item/Last Updated":"@convertFromUtc(utcNow(),'India Standard Time','dd-MMM-yyyy hh:mm')"},"authentication":"@parameters('$authentication')"}}}},"LNS_Waiver_Requester":{"case":"LNS Waiver Requester","actions":{"Get_user_profile_(V2)_6":{"runAfter":{},"metadata":{"operationMetadataId":"505e8828-8269-4048-971d-ec22b267fe23"},"type":"OpenApiConnection","inputs":{"host":{"apiId":"/providers/Microsoft.PowerApps/apis/shared_office365users","connectionName":"shared_office365users_1","operationId":"UserProfile_V2"},"parameters":{"id":"@items('Apply_to_each')?['Email ID']"},"authentication":"@parameters('$authentication')"}},"Check_group_membership_(V2)_7":{"runAfter":{"Get_user_profile_(V2)_6":["Succeeded"]},"metadata":{"operationMetadataId":"94db07ae-df4f-4ab6-a360-214519633254"},"type":"OpenApiConnection","inputs":{"host":{"apiId":"/providers/Microsoft.PowerApps/apis/shared_azuread","connectionName":"shared_azuread_1","operationId":"CheckMemberGroupsV2"},"parameters":{"id":"@outputs('Get_user_profile_(V2)_6')?['body/id']","body/groupIds":["4c165563-7823-4891-8a5d-1285f039918b"]},"authentication":"@parameters('$authentication')"}},"Condition_8":{"actions":{"Add_user_to_group_5":{"runAfter":{},"metadata":{"operationMetadataId":"fd701aab-2583-41bb-b844-5cebf8a6959d"},"type":"OpenApiConnection","inputs":{"host":{"apiId":"/providers/Microsoft.PowerApps/apis/shared_azuread","connectionName":"shared_azuread_1","operationId":"AddUserToGroup"},"parameters":{"id":"4c165563-7823-4891-8a5d-1285f039918b","body/@odata.id":"@outputs('Get_user_profile_(V2)_6')?['body/id']"},"authentication":"@parameters('$authentication')"}},"Update_a_row_13":{"runAfter":{"Add_user_to_group_5":["Succeeded"]},"metadata":{"012EFUUMYKILUO6YEWXNDLGQDNCPYII4PB":"/Documents/GAM Automation/GAM AUTOMATION.xlsx","operationMetadataId":"56ee0427-f4db-4e51-adf5-644f821ff37a","tableId":"{7103C857-F9DA-4DAB-A6E4-59AA6C98DC94}","01EF7ERYDPPXAUFMJUSJF3J2VO432ZMIA6":"/GAM Automation/GAM Access_v1.xlsx"},"type":"OpenApiConnection","inputs":{"host":{"apiId":"/providers/Microsoft.PowerApps/apis/shared_excelonlinebusiness","connectionName":"shared_excelonlinebusiness_1","operationId":"PatchItem"},"parameters":{"source":"groups/3abf9f2f-7b6b-46fe-978c-81006801aedf","drive":"b!qyBse53NTkSCowKpqMQORIQSHS_O5z5HtLCzf9j0fGFy5GYOuJsrT5MoQ5UZQQVi","file":"01EF7ERYDPPXAUFMJUSJF3J2VO432ZMIA6","table":"{7103C857-F9DA-4DAB-A6E4-59AA6C98DC94}","idColumn":"ID","id":"@items('Apply_to_each')?['ID']","item/Status":"Member successfully added","item/Last Updated":"@convertFromUtc(utcNow(),'India Standard Time','dd-MMM-yyyy hh:mm')"},"authentication":"@parameters('$authentication')"}},"Send_an_email_(V2)_13":{"runAfter":{"Update_a_row_13":["Succeeded"]},"metadata":{"operationMetadataId":"8b550147-618d-4c4f-b204-621ae7ab155b"},"type":"OpenApiConnection","inputs":{"host":{"apiId":"/providers/Microsoft.PowerApps/apis/shared_office365","connectionName":"shared_office365_1","operationId":"SendEmailV2"},"parameters":{"emailMessage/To":"@items('Apply_to_each')?['Email ID']","emailMessage/Subject":"@{items('Apply_to_each')?['Application Role']} Access","emailMessage/Body":"<p>Hello @{outputs('Get_user_profile_(V2)_6')?['body/displayName']},<br>\n<br>\nYour Request for @{items('Apply_to_each')?['Application Role']} has been granted now.<br>\n<br>\nFor any further queries on access issue please connect with Anil Chougule &lt;anil.chougule@maersk.com&gt;.<br>\n<br>\nRegards,<br>\nAutomation &amp; Enablement Team</p>","emailMessage/From":"sejal.j@maersk.com","emailMessage/Cc":"anil.chougule@maersk.com","emailMessage/ReplyTo":"anil.chougule@maersk.com","emailMessage/Importance":"Normal"},"authentication":"@parameters('$authentication')"}}},"runAfter":{"Check_group_membership_(V2)_7":["Succeeded"]},"else":{"actions":{"Update_a_row_14":{"runAfter":{},"metadata":{"012EFUUMYKILUO6YEWXNDLGQDNCPYII4PB":"/Documents/GAM Automation/GAM AUTOMATION.xlsx","operationMetadataId":"1749fb7b-3886-4da7-8ffb-151dd0214cf9","tableId":"{7103C857-F9DA-4DAB-A6E4-59AA6C98DC94}","01EF7ERYDPPXAUFMJUSJF3J2VO432ZMIA6":"/GAM Automation/GAM Access_v1.xlsx"},"type":"OpenApiConnection","inputs":{"host":{"apiId":"/providers/Microsoft.PowerApps/apis/shared_excelonlinebusiness","connectionName":"shared_excelonlinebusiness_1","operationId":"PatchItem"},"parameters":{"source":"groups/3abf9f2f-7b6b-46fe-978c-81006801aedf","drive":"b!qyBse53NTkSCowKpqMQORIQSHS_O5z5HtLCzf9j0fGFy5GYOuJsrT5MoQ5UZQQVi","file":"01EF7ERYDPPXAUFMJUSJF3J2VO432ZMIA6","table":"{7103C857-F9DA-4DAB-A6E4-59AA6C98DC94}","idColumn":"ID","id":"@items('Apply_to_each')?['ID']","item/Status":"Memeber Already Present","item/Last Updated":"@convertFromUtc(utcNow(),'India Standard Time','dd-MMM-yyyy hh:mm')"},"authentication":"@parameters('$authentication')"}},"Send_an_email_(V2)_14":{"runAfter":{"Update_a_row_14":["Succeeded"]},"metadata":{"operationMetadataId":"8b550147-618d-4c4f-b204-621ae7ab155b"},"type":"OpenApiConnection","inputs":{"host":{"apiId":"/providers/Microsoft.PowerApps/apis/shared_office365","connectionName":"shared_office365_1","operationId":"SendEmailV2"},"parameters":{"emailMessage/To":"@items('Apply_to_each')?['Email ID']","emailMessage/Subject":"@{items('Apply_to_each')?['Application Role']} Access","emailMessage/Body":"<p>Hello @{outputs('Get_user_profile_(V2)_6')?['body/displayName']},<br>\n<br>\nAccess is already present, kindly clear cookies and history and retry again.<br>\n<br>\nFor any further queries on access issue please connect with Anil Chougule &lt;anil.chougule@maersk.com&gt;.<br>\n<br>\nRegards,<br>\nAutomation &amp; Enablement</p>","emailMessage/From":"sejal.j@maersk.com","emailMessage/Cc":"anil.chougule@maersk.com","emailMessage/ReplyTo":"anil.chougule@maersk.com","emailMessage/Importance":"Normal"},"authentication":"@parameters('$authentication')"}}}},"expression":{"equals":["@length(outputs('Check_group_membership_(V2)_7')?['body/value'])",0]},"metadata":{"operationMetadataId":"c7a035f9-92bf-4874-a644-49ef5bc24b31"},"type":"If"},"Update_a_row_22":{"runAfter":{"Get_user_profile_(V2)_6":["Skipped","Failed","TimedOut"]},"metadata":{"012EFUUMYKILUO6YEWXNDLGQDNCPYII4PB":"/Documents/GAM Automation/GAM AUTOMATION.xlsx","operationMetadataId":"07053b46-e288-4535-909f-becbea752021","tableId":"{7103C857-F9DA-4DAB-A6E4-59AA6C98DC94}","01EF7ERYDPPXAUFMJUSJF3J2VO432ZMIA6":"/GAM Automation/GAM Access_v1.xlsx"},"type":"OpenApiConnection","inputs":{"host":{"apiId":"/providers/Microsoft.PowerApps/apis/shared_excelonlinebusiness","connectionName":"shared_excelonlinebusiness_1","operationId":"PatchItem"},"parameters":{"source":"groups/3abf9f2f-7b6b-46fe-978c-81006801aedf","drive":"b!qyBse53NTkSCowKpqMQORIQSHS_O5z5HtLCzf9j0fGFy5GYOuJsrT5MoQ5UZQQVi","file":"01EF7ERYDPPXAUFMJUSJF3J2VO432ZMIA6","table":"{7103C857-F9DA-4DAB-A6E4-59AA6C98DC94}","idColumn":"ID","id":"@items('Apply_to_each')?['ID']","item/Status":"Incorrect mail ID ","item/Last Updated":"@convertFromUtc(utcNow(),'India Standard Time','dd-MMM-yyyy hh:mm')"},"authentication":"@parameters('$authentication')"}}}},"LNS_Waiver_Processor":{"case":"LNS Waiver Processor","actions":{"Get_user_profile_(V2)_7":{"runAfter":{},"metadata":{"operationMetadataId":"9b1872e6-f64f-457c-8193-070912cd6c56"},"type":"OpenApiConnection","inputs":{"host":{"apiId":"/providers/Microsoft.PowerApps/apis/shared_office365users","connectionName":"shared_office365users_1","operationId":"UserProfile_V2"},"parameters":{"id":"@items('Apply_to_each')?['Email ID']"},"authentication":"@parameters('$authentication')"}},"Check_group_membership_(V2)_8":{"runAfter":{"Get_user_profile_(V2)_7":["Succeeded"]},"metadata":{"operationMetadataId":"0e85349b-963a-4ac8-8a98-7200474d6a83"},"type":"OpenApiConnection","inputs":{"host":{"apiId":"/providers/Microsoft.PowerApps/apis/shared_azuread","connectionName":"shared_azuread_1","operationId":"CheckMemberGroupsV2"},"parameters":{"id":"@outputs('Get_user_profile_(V2)_7')?['body/id']","body/groupIds":["c82a1961-582f-4335-94a0-5f1095edb10c"]},"authentication":"@parameters('$authentication')"}},"Condition_9":{"actions":{"Add_user_to_group_6":{"runAfter":{},"metadata":{"operationMetadataId":"65f88ea1-7704-443c-bba8-f345f5e1a397"},"type":"OpenApiConnection","inputs":{"host":{"apiId":"/providers/Microsoft.PowerApps/apis/shared_azuread","connectionName":"shared_azuread_1","operationId":"AddUserToGroup"},"parameters":{"id":"c82a1961-582f-4335-94a0-5f1095edb10c","body/@odata.id":"@outputs('Get_user_profile_(V2)_7')?['body/id']"},"authentication":"@parameters('$authentication')"}},"Update_a_row_15":{"runAfter":{"Add_user_to_group_6":["Succeeded"]},"metadata":{"012EFUUMYKILUO6YEWXNDLGQDNCPYII4PB":"/Documents/GAM Automation/GAM AUTOMATION.xlsx","operationMetadataId":"56ee0427-f4db-4e51-adf5-644f821ff37a","tableId":"{7103C857-F9DA-4DAB-A6E4-59AA6C98DC94}","01EF7ERYDPPXAUFMJUSJF3J2VO432ZMIA6":"/GAM Automation/GAM Access_v1.xlsx"},"type":"OpenApiConnection","inputs":{"host":{"apiId":"/providers/Microsoft.PowerApps/apis/shared_excelonlinebusiness","connectionName":"shared_excelonlinebusiness_1","operationId":"PatchItem"},"parameters":{"source":"groups/3abf9f2f-7b6b-46fe-978c-81006801aedf","drive":"b!qyBse53NTkSCowKpqMQORIQSHS_O5z5HtLCzf9j0fGFy5GYOuJsrT5MoQ5UZQQVi","file":"01EF7ERYDPPXAUFMJUSJF3J2VO432ZMIA6","table":"{7103C857-F9DA-4DAB-A6E4-59AA6C98DC94}","idColumn":"ID","id":"@items('Apply_to_each')?['ID']","item/Status":"Member successfully added","item/Last Updated":"@convertFromUtc(utcNow(),'India Standard Time','dd-MMM-yyyy hh:mm')"},"authentication":"@parameters('$authentication')"}},"Send_an_email_(V2)_15":{"runAfter":{"Update_a_row_15":["Succeeded"]},"metadata":{"operationMetadataId":"cc195a2f-524a-46bb-bca3-f91e6190a1fd"},"type":"OpenApiConnection","inputs":{"host":{"apiId":"/providers/Microsoft.PowerApps/apis/shared_office365","connectionName":"shared_office365_1","operationId":"SendEmailV2"},"parameters":{"emailMessage/To":"@items('Apply_to_each')?['Email ID']","emailMessage/Subject":"@{items('Apply_to_each')?['Application Role']} Access","emailMessage/Body":"<p>Hello @{outputs('Get_user_profile_(V2)_7')?['body/displayName']},<br>\n<br>\nYour Request for @{items('Apply_to_each')?['Application Role']} has been granted now.<br>\n<br>\nFor any further queries on access issue please connect with Anil Chougule &lt;anil.chougule@maersk.com&gt;.<br>\n<br>\nRegards,<br>\nAutomation &amp; Enablement Team</p>","emailMessage/From":"sejal.j@maersk.com","emailMessage/Cc":"anil.chougule@maersk.com","emailMessage/ReplyTo":"anil.chougule@maersk.com","emailMessage/Importance":"Normal"},"authentication":"@parameters('$authentication')"}}},"runAfter":{"Check_group_membership_(V2)_8":["Succeeded"]},"else":{"actions":{"Update_a_row_16":{"runAfter":{},"metadata":{"012EFUUMYKILUO6YEWXNDLGQDNCPYII4PB":"/Documents/GAM Automation/GAM AUTOMATION.xlsx","operationMetadataId":"1749fb7b-3886-4da7-8ffb-151dd0214cf9","tableId":"{7103C857-F9DA-4DAB-A6E4-59AA6C98DC94}","01EF7ERYDPPXAUFMJUSJF3J2VO432ZMIA6":"/GAM Automation/GAM Access_v1.xlsx"},"type":"OpenApiConnection","inputs":{"host":{"apiId":"/providers/Microsoft.PowerApps/apis/shared_excelonlinebusiness","connectionName":"shared_excelonlinebusiness_1","operationId":"PatchItem"},"parameters":{"source":"groups/3abf9f2f-7b6b-46fe-978c-81006801aedf","drive":"b!qyBse53NTkSCowKpqMQORIQSHS_O5z5HtLCzf9j0fGFy5GYOuJsrT5MoQ5UZQQVi","file":"01EF7ERYDPPXAUFMJUSJF3J2VO432ZMIA6","table":"{7103C857-F9DA-4DAB-A6E4-59AA6C98DC94}","idColumn":"ID","id":"@items('Apply_to_each')?['ID']","item/Status":"Memeber Already Present","item/Last Updated":"@convertFromUtc(utcNow(),'India Standard Time','dd-MMM-yyyy hh:mm')"},"authentication":"@parameters('$authentication')"}},"Send_an_email_(V2)_16":{"runAfter":{"Update_a_row_16":["Succeeded"]},"metadata":{"operationMetadataId":"8b550147-618d-4c4f-b204-621ae7ab155b"},"type":"OpenApiConnection","inputs":{"host":{"apiId":"/providers/Microsoft.PowerApps/apis/shared_office365","connectionName":"shared_office365_1","operationId":"SendEmailV2"},"parameters":{"emailMessage/To":"@items('Apply_to_each')?['Email ID']","emailMessage/Subject":"@{items('Apply_to_each')?['Application Role']} Access","emailMessage/Body":"<p>Hello @{outputs('Get_user_profile_(V2)_7')?['body/displayName']},<br>\n<br>\nAccess is already present, kindly clear cookies and history and retry again.<br>\n<br>\nFor any further queries on access issue please connect with Anil Chougule &lt;anil.chougule@maersk.com&gt;.<br>\n<br>\nRegards,<br>\nAutomation &amp; Enablement</p>","emailMessage/From":"sejal.j@maersk.com","emailMessage/Cc":"anil.chougule@maersk.com","emailMessage/ReplyTo":"anil.chougule@maersk.com","emailMessage/Importance":"Normal"},"authentication":"@parameters('$authentication')"}}}},"expression":{"equals":["@length(outputs('Check_group_membership_(V2)_8')?['body/value'])",0]},"metadata":{"operationMetadataId":"b798f9fb-2010-4bb6-87fc-658f6710e7cf"},"type":"If"},"Update_a_row_23":{"runAfter":{"Get_user_profile_(V2)_7":["Skipped","TimedOut","Failed"]},"metadata":{"012EFUUMYKILUO6YEWXNDLGQDNCPYII4PB":"/Documents/GAM Automation/GAM AUTOMATION.xlsx","operationMetadataId":"32935488-778f-4139-a03b-3c1b5f4f8421","tableId":"{7103C857-F9DA-4DAB-A6E4-59AA6C98DC94}","01EF7ERYDPPXAUFMJUSJF3J2VO432ZMIA6":"/GAM Automation/GAM Access_v1.xlsx"},"type":"OpenApiConnection","inputs":{"host":{"apiId":"/providers/Microsoft.PowerApps/apis/shared_excelonlinebusiness","connectionName":"shared_excelonlinebusiness_1","operationId":"PatchItem"},"parameters":{"source":"groups/3abf9f2f-7b6b-46fe-978c-81006801aedf","drive":"b!qyBse53NTkSCowKpqMQORIQSHS_O5z5HtLCzf9j0fGFy5GYOuJsrT5MoQ5UZQQVi","file":"01EF7ERYDPPXAUFMJUSJF3J2VO432ZMIA6","table":"{7103C857-F9DA-4DAB-A6E4-59AA6C98DC94}","idColumn":"ID","id":"@items('Apply_to_each')?['ID']","item/Status":"Incorrect mail ID ","item/Last Updated":"@convertFromUtc(utcNow(),'India Standard Time','dd-MMM-yyyy hh:mm')"},"authentication":"@parameters('$authentication')"}}}}},"default":{"actions":{}},"expression":"@items('Apply_to_each')?['Application Role']","metadata":{"operationMetadataId":"c02b72c6-765a-4691-80f0-0bf2d1917ea1"},"type":"Switch"}},"runAfter":{},"expression":{"equals":["@items('Apply_to_each')?['Approver Response']","Approve"]},"metadata":{"operationMetadataId":"0fea34fa-c6bc-4b65-85f9-8bbbcc31f25c"},"type":"If"}},"runAfter":{},"expression":{"equals":["@items('Apply_to_each')?['Status']",""]},"metadata":{"operationMetadataId":"a60b4e95-52ab-494d-80b8-f0b5dab0de02"},"type":"If"}},"runAfter":{"List_rows_present_in_a_table":["Succeeded"]},"metadata":{"operationMetadataId":"83979fb5-660d-4a76-acc2-899373bbdb02"},"type":"Foreach","runtimeConfiguration":{"concurrency":{"repetitions":32}}},"Send_an_email_(V2)_9":{"runAfter":{"Apply_to_each":["Succeeded","Failed"]},"metadata":{"operationMetadataId":"02a58df0-8eff-40c0-bc16-97487a70010f"},"type":"OpenApiConnection","inputs":{"host":{"apiId":"/providers/Microsoft.PowerApps/apis/shared_office365","connectionName":"shared_office365_1","operationId":"SendEmailV2"},"parameters":{"emailMessage/To":"sejal.j@maersk.com","emailMessage/Subject":"GAM Flow","emailMessage/Body":"<p>GAM Flow ran successfully!!</p>","emailMessage/Importance":"Normal"},"authentication":"@parameters('$authentication')"}},"List_rows_present_in_a_table":{"runAfter":{},"metadata":{"012EFUUMYKILUO6YEWXNDLGQDNCPYII4PB":"/Documents/GAM Automation/GAM AUTOMATION.xlsx","operationMetadataId":"7f1507c4-7196-42d0-8aee-5794b61f7909","tableId":"{7103C857-F9DA-4DAB-A6E4-59AA6C98DC94}","01EF7ERYDPPXAUFMJUSJF3J2VO432ZMIA6":"/GAM Automation/GAM Access_v1.xlsx"},"type":"OpenApiConnection","inputs":{"host":{"apiId":"/providers/Microsoft.PowerApps/apis/shared_excelonlinebusiness","connectionName":"shared_excelonlinebusiness_1","operationId":"GetItems"},"parameters":{"source":"groups/3abf9f2f-7b6b-46fe-978c-81006801aedf","drive":"b!qyBse53NTkSCowKpqMQORIQSHS_O5z5HtLCzf9j0fGFy5GYOuJsrT5MoQ5UZQQVi","file":"01EF7ERYDPPXAUFMJUSJF3J2VO432ZMIA6","table":"{7103C857-F9DA-4DAB-A6E4-59AA6C98DC94}","dateTimeFormat":"ISO 8601"},"authentication":"@parameters('$authentication')"},"runtimeConfiguration":{"paginationPolicy":{"minimumItemCount":5000}}}}},"connectionReferences":{"shared_office365users":{"connectionName":"8b045c099ac34771a4e5cd8a3038b8e3","source":"Embedded","id":"/providers/Microsoft.PowerApps/apis/shared_office365users","tier":"NotSpecified"},"shared_azuread_1":{"connectionName":"shared-azuread-e2c3228c-7931-4252-be43-9284440c9dc8","source":"Embedded","id":"/providers/Microsoft.PowerApps/apis/shared_azuread","tier":"NotSpecified"},"shared_office365_1":{"connectionName":"shared-office365-530d3290-0b7b-4e77-9adf-e7a7c88833e9","source":"Embedded","id":"/providers/Microsoft.PowerApps/apis/shared_office365","tier":"NotSpecified"},"shared_excelonlinebusiness_1":{"connectionName":"shared-excelonlinebu-62c2ecf3-4c72-4ce2-9cf5-b7842a594aab","source":"Embedded","id":"/providers/Microsoft.PowerApps/apis/shared_excelonlinebusiness","tier":"NotSpecified"},"shared_office365users_1":{"connectionName":"shared-office365user-8646a835-27fd-49bc-9802-ce31adfd21c4","source":"Embedded","id":"/providers/Microsoft.PowerApps/apis/shared_office365users","tier":"NotSpecified"}},"flowFailureAlertSubscribed":false,"isManaged":false}}