{"name":"11a9da7d-e63b-4ea7-9ab3-c19475e4e8e9","id":"/providers/Microsoft.Flow/flows/11a9da7d-e63b-4ea7-9ab3-c19475e4e8e9","type":"Microsoft.Flow/flows","properties":{"apiId":"/providers/Microsoft.PowerApps/apis/shared_logicflows","displayName":"AFLS_PREPROD_TEST V1","definition":{"metadata":{"workflowEntityId":null,"processAdvisorMetadata":null,"flowChargedByPaygo":null,"flowclientsuspensionreason":"None","flowclientsuspensiontime":null,"flowclientsuspensionreasondetails":null,"creator":{"id":"7fd5af84-8cd6-4241-942c-e5dcb2c731ea","type":"User","tenantId":"05d75c05-fa1a-42e7-9cf1-eb416c396f2d"},"provisioningMethod":"FromDefinition","failureAlertSubscription":true,"clientLastModifiedTime":"2024-09-12T13:33:48.9317521Z","connectionKeySavedTimeKey":"2024-09-12T13:33:48.9317521Z"},"$schema":"https://schema.management.azure.com/providers/Microsoft.Logic/schemas/2016-06-01/workflowdefinition.json#","contentVersion":"1.0.0.0","parameters":{"$connections":{"defaultValue":{},"type":"Object"},"$authentication":{"defaultValue":{},"type":"SecureObject"}},"triggers":{"Recurrence":{"recurrence":{"frequency":"Day","interval":1,"timeZone":"India Standard Time","startTime":"2023-11-10T10:00:00Z","schedule":{"hours":["12","18","15"]}},"metadata":{"operationMetadataId":"30f635c8-c9d3-4024-b4ea-0e5995052411"},"type":"Recurrence"}},"actions":{"List_rows_present_in_a_table":{"runAfter":{},"metadata":{"01GXQQGFBAAPSUU7Z4NRBZ4P2MUSN5QVM4":"/Documents/AFLS_Automation_Data.xlsx","operationMetadataId":"47c0b84c-c461-422e-9b95-71a06baed3c2","tableId":"{1D0B7C79-3307-460C-961A-F1F16745E46B}","01IOZUXLSZE2QKDS5TLNDYITNOIT6F3EO6":"/Monthly Attendance Sheet/AFLS_Automation_Data.xlsx","01EF7ERYE5EXB7KHDJMNCIIUCRC5INRSUK":"/AFLS BOT/AFLS_BOT.xlsx","01DNJ7YLD5WY4EZKBDN5DLPMJMXKMTYRWD":"/Documents/Power Automate/AFLS/AFLS_BOT.xlsx"},"type":"OpenApiConnection","inputs":{"host":{"apiId":"/providers/Microsoft.PowerApps/apis/shared_excelonlinebusiness","connectionName":"shared_excelonlinebusiness","operationId":"GetItems"},"parameters":{"source":"me","drive":"b!m4CpbCWx3E-XOvYPfGkHtJlzqH_ZJ2xMgPovuQKlItWiSM2s-KQlSpbQnX1ZiZGl","file":"01DNJ7YLD5WY4EZKBDN5DLPMJMXKMTYRWD","table":"{1D0B7C79-3307-460C-961A-F1F16745E46B}","dateTimeFormat":"ISO 8601"},"authentication":"@parameters('$authentication')"},"runtimeConfiguration":{"paginationPolicy":{"minimumItemCount":5000}}},"Apply_to_each":{"foreach":"@outputs('List_rows_present_in_a_table')?['body/value']","actions":{"Condition":{"actions":{"Get_user_profile_(V2)":{"runAfter":{},"metadata":{"operationMetadataId":"2a56963c-2cc7-4b17-80f5-14eea86491ea"},"type":"OpenApiConnection","inputs":{"host":{"apiId":"/providers/Microsoft.PowerApps/apis/shared_office365users","connectionName":"shared_office365users","operationId":"UserProfile_V2"},"parameters":{"id":"@items('Apply_to_each')?['Email']"},"authentication":"@parameters('$authentication')"}},"Existing_User":{"actions":{"Update_a_row_4":{"runAfter":{},"metadata":{"01EF7ERYE5EXB7KHDJMNCIIUCRC5INRSUK":"/AFLS BOT/AFLS_BOT.xlsx","operationMetadataId":"d7371099-096a-473e-8aa9-35218b231598","tableId":"{1D0B7C79-3307-460C-961A-F1F16745E46B}","01DNJ7YLD5WY4EZKBDN5DLPMJMXKMTYRWD":"/Documents/Power Automate/AFLS/AFLS_BOT.xlsx"},"type":"OpenApiConnection","inputs":{"host":{"apiId":"/providers/Microsoft.PowerApps/apis/shared_excelonlinebusiness","connectionName":"shared_excelonlinebusiness","operationId":"PatchItem"},"parameters":{"source":"me","drive":"b!m4CpbCWx3E-XOvYPfGkHtJlzqH_ZJ2xMgPovuQKlItWiSM2s-KQlSpbQnX1ZiZGl","file":"01DNJ7YLD5WY4EZKBDN5DLPMJMXKMTYRWD","table":"{1D0B7C79-3307-460C-961A-F1F16745E46B}","idColumn":"ID","id":"@items('Apply_to_each')?['ID']","item/Azure_User_Status":"User Already Present"},"authentication":"@parameters('$authentication')"}}},"runAfter":{"Get_user_profile_(V2)":["Succeeded"]},"else":{"actions":{"Check_group_membership_(V2)":{"runAfter":{},"metadata":{"operationMetadataId":"d01176c0-af7c-44ae-99a0-69e906a020f0"},"type":"OpenApiConnection","inputs":{"host":{"apiId":"/providers/Microsoft.PowerApps/apis/shared_azuread","connectionName":"shared_azuread","operationId":"CheckMemberGroupsV2"},"parameters":{"id":"@outputs('Get_user_profile_(V2)')?['body/id']","body/groupIds":["9dfcc9e3-22c0-4674-a930-6075a5f145ad"]},"authentication":"@parameters('$authentication')"}},"AZURE_USER_CHECK":{"actions":{"Add_user_to_group":{"runAfter":{},"metadata":{"operationMetadataId":"0bb71acd-317e-4904-a6ba-aea028677c30"},"type":"OpenApiConnection","inputs":{"host":{"apiId":"/providers/Microsoft.PowerApps/apis/shared_azuread","connectionName":"shared_azuread","operationId":"AddUserToGroup"},"parameters":{"id":"9dfcc9e3-22c0-4674-a930-6075a5f145ad","body/@odata.id":"@outputs('Get_user_profile_(V2)')?['body/id']"},"authentication":"@parameters('$authentication')"}},"Update_a_row":{"runAfter":{"Add_user_to_group":["Succeeded"]},"metadata":{"01IOZUXLSZE2QKDS5TLNDYITNOIT6F3EO6":"/Monthly Attendance Sheet/AFLS_Automation_Data.xlsx","operationMetadataId":"15b9913b-3b77-4a62-94d1-13c2bc6a4be4","tableId":"{1D0B7C79-3307-460C-961A-F1F16745E46B}","01EF7ERYE5EXB7KHDJMNCIIUCRC5INRSUK":"/AFLS BOT/AFLS_BOT.xlsx","01DNJ7YLD5WY4EZKBDN5DLPMJMXKMTYRWD":"/Documents/Power Automate/AFLS/AFLS_BOT.xlsx"},"type":"OpenApiConnection","inputs":{"host":{"apiId":"/providers/Microsoft.PowerApps/apis/shared_excelonlinebusiness","connectionName":"shared_excelonlinebusiness","operationId":"PatchItem"},"parameters":{"source":"me","drive":"b!m4CpbCWx3E-XOvYPfGkHtJlzqH_ZJ2xMgPovuQKlItWiSM2s-KQlSpbQnX1ZiZGl","file":"01DNJ7YLD5WY4EZKBDN5DLPMJMXKMTYRWD","table":"{1D0B7C79-3307-460C-961A-F1F16745E46B}","idColumn":"ID","id":"@items('Apply_to_each')?['ID']","item/Azure_User_Status":"User Added Successfully.","item/Last Updated":"@formatDateTime(utcNow(), 'dd-MM-yyyy hh:mm:ss')"},"authentication":"@parameters('$authentication')"}}},"runAfter":{"Check_group_membership_(V2)":["Succeeded"]},"else":{"actions":{"Update_a_row_3":{"runAfter":{},"metadata":{"01IOZUXLSZE2QKDS5TLNDYITNOIT6F3EO6":"/Monthly Attendance Sheet/AFLS_Automation_Data.xlsx","operationMetadataId":"15b9913b-3b77-4a62-94d1-13c2bc6a4be4","tableId":"{1D0B7C79-3307-460C-961A-F1F16745E46B}","01EF7ERYE5EXB7KHDJMNCIIUCRC5INRSUK":"/AFLS BOT/AFLS_BOT.xlsx","01DNJ7YLD5WY4EZKBDN5DLPMJMXKMTYRWD":"/Documents/Power Automate/AFLS/AFLS_BOT.xlsx"},"type":"OpenApiConnection","inputs":{"host":{"apiId":"/providers/Microsoft.PowerApps/apis/shared_excelonlinebusiness","connectionName":"shared_excelonlinebusiness","operationId":"PatchItem"},"parameters":{"source":"me","drive":"b!m4CpbCWx3E-XOvYPfGkHtJlzqH_ZJ2xMgPovuQKlItWiSM2s-KQlSpbQnX1ZiZGl","file":"01DNJ7YLD5WY4EZKBDN5DLPMJMXKMTYRWD","table":"{1D0B7C79-3307-460C-961A-F1F16745E46B}","idColumn":"ID","id":"@items('Apply_to_each')?['ID']","item/Azure_User_Status":"User Already Present","item/Last Updated":"@formatDateTime(utcNow(), 'dd-MM-yyyy hh:mm:ss')"},"authentication":"@parameters('$authentication')"}}}},"expression":{"equals":["@length(outputs('Check_group_membership_(V2)')?['body/value'])",0]},"metadata":{"operationMetadataId":"b91794ad-e0d7-44f3-8457-5cce6c1bb7c6"},"type":"If"}}},"expression":{"and":[{"equals":["@item()?['Accesstype']","Existing User"]}]},"metadata":{"operationMetadataId":"57451383-9682-4728-8a75-696475cf2d82"},"type":"If"},"Send_an_email_(V2)":{"runAfter":{"Get_user_profile_(V2)":["Failed"]},"metadata":{"operationMetadataId":"65a4b41a-a0a3-414d-bfe2-15e1e6078ffc"},"type":"OpenApiConnection","inputs":{"host":{"apiId":"/providers/Microsoft.PowerApps/apis/shared_office365","connectionName":"shared_office365","operationId":"SendEmailV2"},"parameters":{"emailMessage/To":"@items('Apply_to_each')?['Email']","emailMessage/Subject":"Email Not found","emailMessage/Body":"<p>Hello,<br>\n<br>\nThe email wasn't found in office 365 profile, due to which the request was not accepted by BOT, <br>\nKindly check and resubmit the bot<br>\n<br>\nRegards,<br>\nAutomation and Enablement</p>","emailMessage/From":"AutomationandEnablement@maersk.com","emailMessage/ReplyTo":"PMLPH1MNAFLSSupport@maersk.com","emailMessage/Importance":"Normal"},"authentication":"@parameters('$authentication')"}},"Update_a_row_2":{"runAfter":{"Send_an_email_(V2)":["Succeeded"]},"metadata":{"01EF7ERYE5EXB7KHDJMNCIIUCRC5INRSUK":"/AFLS BOT/AFLS_BOT.xlsx","operationMetadataId":"d7371099-096a-473e-8aa9-35218b231598","tableId":"{1D0B7C79-3307-460C-961A-F1F16745E46B}","01DNJ7YLD5WY4EZKBDN5DLPMJMXKMTYRWD":"/Documents/Power Automate/AFLS/AFLS_BOT.xlsx"},"type":"OpenApiConnection","inputs":{"host":{"apiId":"/providers/Microsoft.PowerApps/apis/shared_excelonlinebusiness","connectionName":"shared_excelonlinebusiness","operationId":"PatchItem"},"parameters":{"source":"me","drive":"b!m4CpbCWx3E-XOvYPfGkHtJlzqH_ZJ2xMgPovuQKlItWiSM2s-KQlSpbQnX1ZiZGl","file":"01DNJ7YLD5WY4EZKBDN5DLPMJMXKMTYRWD","table":"{1D0B7C79-3307-460C-961A-F1F16745E46B}","idColumn":"ID","id":"@items('Apply_to_each')?['ID']","item/Azure_User_Status":"Email Not found","item/AFLS_User_Status":"NO action","item/Carrier_Code_Status":"NO action","item/Grouping_Status":"NO action"},"authentication":"@parameters('$authentication')"}}},"runAfter":{},"expression":{"equals":["@items('Apply_to_each')?['Azure_User_Status']","@string('')"]},"metadata":{"operationMetadataId":"b5cc9e3e-c37a-4c37-bd16-a3ef3db3519b"},"type":"If"}},"runAfter":{"List_rows_present_in_a_table":["Succeeded"]},"metadata":{"operationMetadataId":"e1154f14-5b5d-487d-9a99-84ecbfed294b"},"type":"Foreach"}}},"connectionReferences":{"shared_excelonlinebusiness":{"connectionName":"shared-excelonlinebu-62c2ecf3-4c72-4ce2-9cf5-b7842a594aab","source":"Embedded","id":"/providers/Microsoft.PowerApps/apis/shared_excelonlinebusiness","tier":"NotSpecified"},"shared_office365users":{"connectionName":"8b045c099ac34771a4e5cd8a3038b8e3","source":"Embedded","id":"/providers/Microsoft.PowerApps/apis/shared_office365users","tier":"NotSpecified"},"shared_azuread":{"connectionName":"shared-azuread-7aeb747a-dfcf-4035-9eea-5df7245620f1","source":"Embedded","id":"/providers/Microsoft.PowerApps/apis/shared_azuread","tier":"NotSpecified"},"shared_office365":{"connectionName":"shared-office365-6e4569f6-7758-499c-9801-b12221186c43","source":"Embedded","id":"/providers/Microsoft.PowerApps/apis/shared_office365","tier":"NotSpecified"}},"flowFailureAlertSubscribed":false,"isManaged":false}}